{"version":null,"displayName":"GitLab","type":"gitlab","logo":"ConnectALL-Logo.png","logoSmall":"ConnectALL-Logo.png","metadata":[{"name":"issuetype","dependent":false,"dependentMetadata":null,"values":[{"id":"issues","name":"Issues","attributeName":null,"referenceType":null,"dependents":null,"regex":false}]},{"name":"project","dependent":false,"dependentMetadata":null,"values":[{"id":"19843819","name":"FirstProject","attributeName":null,"referenceType":null,"dependents":null,"regex":false}]}],"fields":[{"id":"title","name":"title","datatype":"String","values":null},{"id":"id","name":"IID","datatype":"Number","values":null},{"id":"description","name":"Description","datatype":"PlainText","values":null},{"id":"updated_at","name":"Updated","datatype":"Datetime","values":null},{"id":"created_at","name":"Created","datatype":"Datetime","values":null},{"id":"web_url","name":"URL","datatype":"String","values":null},{"id":"state_event","name":"State","datatype":"String","values":[{"id":"close","name":"Closed","attributeName":null,"referenceType":null,"dependents":null,"regex":false},{"id":"reopen","name":"Reopen","attributeName":null,"referenceType":null,"dependents":null,"regex":false},{"id":"open","name":"Open","attributeName":null,"referenceType":null,"dependents":null,"regex":false}]}],"loginOptions":[],"idFieldName":"id","titleFieldName":"title","projectFieldName":"project","artifactFieldName":"issuetype","testStepsFieldName":null,"changedDateFieldName":"updated_at","dateFormat":"dd-MM-yyyy","dateTimeFormat":"dd-MM-yyyy'T'HH:mm:ss.SSSZ","queryDateFormat":"dd-MM-yyyy'T'HH:mm:ss.SSSZ","iso8601DateFormat":false,"commentFieldName":null,"commentFieldId":null,"attachmentFieldName":null,"attachmentFieldId":null,"apiVersion":null,"callBackUrlConfigured":false,"callBackUrls":null,"apiProvider":"ExternalApplication","applicationType":null,"urlDescription":"","userNameDescription":"","passwordDescription":"","paginationSupported":false,"paginationAttributes":null,"status":"Active","active":true,"syncModel":"ReadWrite"}