[{"schemeId":3,"schemeName":"Issues","adapterType":"gitlab","group":null,"active":false,"adapterMetadataList":[{"metadataId":5,"metadataKey":"project","metadataValue":"19843819"},{"metadataId":6,"metadataKey":"issuetype","metadataValue":"issues"}],"requestHeaders":[{"headerId":2,"headerKey":"PRIVATE-TOKEN","headerValue":"HVCJBt5SPzoy2mfro74a"}],"restTemplates":{"QUERY_RECORD_BY_ID":{"templateId":11,"operation":"QUERY_RECORD_BY_ID","httpVerb":"GET","restUrl":"/api/v4/projects/${project}/issues/${recordId}","specifications":{"Response":{"specId":18,"type":"Response","adapterType":null,"specType":"JOLT","status":"Draft","specification":"asdfas","samplePayload":"asdfa","statusCode":0,"contentAvailable":true},"Request":{"specId":17,"type":"Request","adapterType":null,"specType":null,"status":"Draft","specification":null,"samplePayload":null,"statusCode":0,"contentAvailable":false}}},"QUERY_MODIFIED_RECORDS":{"templateId":12,"operation":"QUERY_MODIFIED_RECORDS","httpVerb":"GET","restUrl":"/api/v4/issues?updated_after=${last-modified-time}","specifications":{"Response":{"specId":20,"type":"Response","adapterType":null,"specType":"JOLT","status":"Draft","specification":"[{\n    \"operation\": \"shift\",\n    \"spec\": {\n      \"*\": {\n        \"iid\": \"result.[&1].id\",\n        \"id\": \"result.[&1].fields.id\",\n        \"title\": \"result.[&1].fields.title\",\n        \"description\": \"result.[&1].fields.description\",\n        \"state\": \"result.[&1].fields.state_event\",\n        \"created_at\": \"result.[&1].fields.created_at\",\n        \"updated_at\": \"result.[&1].fields.updated_at\",\n        \"web_url\": \"result.[&1].fields.web_url\"\n      }\n    }\n},\n  {\n    \"operation\": \"modify-overwrite-beta\",\n    \"spec\": {\n      \"result\": {\n        \"*\": {\n          \"id\": \"=toString\"\n        }\n      },\n      \"totalrecords\": \"=size(@(1,result))\"\n    }\n},\n\n  {\n    \"operation\": \"default\",\n    \"spec\": {\n      \"totalrecords\": 0,\n      \"result\":[]\n    }\n }\n\n]\n","samplePayload":"[\n    {\n        \"id\": 54119950,\n        \"iid\": 2,\n        \"project_id\": 19843819,\n        \"title\": \"Second Issue\",\n        \"description\": null,\n        \"state\": \"opened\",\n        \"created_at\": \"2020-07-08T22:26:33.981Z\",\n        \"updated_at\": \"2020-07-08T22:27:36.426Z\",\n        \"closed_at\": null,\n        \"closed_by\": null,\n        \"labels\": [],\n        \"milestone\": {\n            \"id\": 1358773,\n            \"iid\": 1,\n            \"project_id\": 19843819,\n            \"title\": \"0.1-Beta\",\n            \"description\": \"\",\n            \"state\": \"active\",\n            \"created_at\": \"2020-07-08T22:23:24.350Z\",\n            \"updated_at\": \"2020-07-08T22:23:24.350Z\",\n            \"due_date\": \"2020-07-11\",\n            \"start_date\": \"2020-07-10\",\n            \"web_url\": \"https://gitlab.com/sbhaskara/firstproject/-/milestones/1\"\n        },\n        \"assignees\": [],\n        \"author\": {\n            \"id\": 6389070,\n            \"name\": \"Sharath Bhaskara\",\n            \"username\": \"sbhaskara\",\n            \"state\": \"active\",\n            \"avatar_url\": \"https://secure.gravatar.com/avatar/f3f25013727b95efefc0d313966b0a30?s=80&d=identicon\",\n            \"web_url\": \"https://gitlab.com/sbhaskara\"\n        },\n        \"assignee\": null,\n        \"user_notes_count\": 0,\n        \"merge_requests_count\": 0,\n        \"upvotes\": 0,\n        \"downvotes\": 0,\n        \"due_date\": null,\n        \"confidential\": false,\n        \"discussion_locked\": null,\n        \"web_url\": \"https://gitlab.com/sbhaskara/firstproject/-/issues/2\",\n        \"time_stats\": {\n            \"time_estimate\": 0,\n            \"total_time_spent\": 0,\n            \"human_time_estimate\": null,\n            \"human_total_time_spent\": null\n        },\n        \"task_completion_status\": {\n            \"count\": 0,\n            \"completed_count\": 0\n        },\n        \"has_tasks\": false,\n        \"_links\": {\n            \"self\": \"https://gitlab.com/api/v4/projects/19843819/issues/2\",\n            \"notes\": \"https://gitlab.com/api/v4/projects/19843819/issues/2/notes\",\n            \"award_emoji\": \"https://gitlab.com/api/v4/projects/19843819/issues/2/award_emoji\",\n            \"project\": \"https://gitlab.com/api/v4/projects/19843819\"\n        },\n        \"references\": {\n            \"short\": \"#2\",\n            \"relative\": \"#2\",\n            \"full\": \"sbhaskara/firstproject#2\"\n        },\n        \"moved_to_id\": null\n    }\n]","statusCode":0,"contentAvailable":true},"Request":{"specId":19,"type":"Request","adapterType":null,"specType":null,"status":"Draft","specification":null,"samplePayload":null,"statusCode":0,"contentAvailable":false}}},"CREATE_RECORD":{"templateId":10,"operation":"CREATE_RECORD","httpVerb":"POST","restUrl":"/api/v4/projects/${project}?${fields[ValueSeparator:'='] [FieldSeparator:'&']}","specifications":{"Response":{"specId":24,"type":"Response","adapterType":null,"specType":"JOLT","status":"Draft","specification":"{}","samplePayload":"{\n    \"id\": 54119912,\n    \"iid\": 1,\n    \"project_id\": 19843819,\n    \"title\": \"Service Desk (from sbhaskara@connectall.com): Servicedesk issue 1\",\n    \"description\": \"Servicedesk issue 1\\n\\n\\n\\nRegards\\n\\n*Sharath Bhaskara*\\n\\n*Director Tech. Services*\\n\\nsbhaskara@connectall.com\\n\\n\\n\\n*ConnectALL, LLC*\\n177 E Colorado Blvd, Unit #200\\nPasadena, CA 91105\\nUnited States\\n\\nwww.connectall.com\\n\\n\\n*EMAIL CONFIDENTIALITY NOTICE*\\n\\nCONFIDENTIALITY NOTICE:  This email message (including any attachments) is\\nconfidential and intended only for the person(s) named in the message\\nheader.  If you are not an intended recipient, or if this message has been\\naddressed to you in error, please immediately alert the sender by reply\\nemail, then delete this message and all attachments, if any.  All rights\\nand remedies of ConnectALL, LLC on account of the wrongful disclosure, use,\\ncopying or distribution of this message and any attachments or associated\\nnonpublic information or data are hereby reserved to the fullest extent\\nprovided by law.\",\n    \"state\": \"closed\",\n    \"created_at\": \"2020-07-08T22:24:45.539Z\",\n    \"updated_at\": \"2020-07-08T22:25:16.041Z\",\n    \"closed_at\": \"2020-07-08T22:25:16.024Z\",\n    \"closed_by\": {\n        \"id\": 6389070,\n        \"name\": \"Sharath Bhaskara\",\n        \"username\": \"sbhaskara\",\n        \"state\": \"active\",\n        \"avatar_url\": \"https://secure.gravatar.com/avatar/f3f25013727b95efefc0d313966b0a30?s=80&d=identicon\",\n        \"web_url\": \"https://gitlab.com/sbhaskara\"\n    },\n    \"labels\": [],\n    \"milestone\": null,\n    \"assignees\": [],\n    \"author\": {\n        \"id\": 1257257,\n        \"name\": \"GitLab Support Bot\",\n        \"username\": \"support-bot\",\n        \"state\": \"active\",\n        \"avatar_url\": \"https://secure.gravatar.com/avatar/f21cf9717c13c6f591e183c2b2484d9a?s=80&d=identicon\",\n        \"web_url\": \"https://gitlab.com/support-bot\"\n    },\n    \"assignee\": null,\n    \"user_notes_count\": 0,\n    \"merge_requests_count\": 0,\n    \"upvotes\": 0,\n    \"downvotes\": 0,\n    \"due_date\": null,\n    \"confidential\": true,\n    \"discussion_locked\": null,\n    \"web_url\": \"https://gitlab.com/sbhaskara/firstproject/-/issues/1\",\n    \"time_stats\": {\n        \"time_estimate\": 0,\n        \"total_time_spent\": 0,\n        \"human_time_estimate\": null,\n        \"human_total_time_spent\": null\n    },\n    \"task_completion_status\": {\n        \"count\": 0,\n        \"completed_count\": 0\n    },\n    \"has_tasks\": false,\n    \"_links\": {\n        \"self\": \"https://gitlab.com/api/v4/projects/19843819/issues/1\",\n        \"notes\": \"https://gitlab.com/api/v4/projects/19843819/issues/1/notes\",\n        \"award_emoji\": \"https://gitlab.com/api/v4/projects/19843819/issues/1/award_emoji\",\n        \"project\": \"https://gitlab.com/api/v4/projects/19843819\"\n    },\n    \"references\": {\n        \"short\": \"#1\",\n        \"relative\": \"#1\",\n        \"full\": \"sbhaskara/firstproject#1\"\n    },\n    \"subscribed\": true,\n    \"moved_to_id\": null\n}","statusCode":0,"contentAvailable":true},"Request":{"specId":23,"type":"Request","adapterType":null,"specType":null,"status":"Draft","specification":null,"samplePayload":null,"statusCode":0,"contentAvailable":false}}},"UPDATE_RECORD":{"templateId":9,"operation":"UPDATE_RECORD","httpVerb":"PUT","restUrl":"/api/v4/projects/${project}/issues/${recordId}?${fields[ValueSeparator:'='] [FieldSeparator:'&']}","specifications":{"Response":{"specId":22,"type":"Response","adapterType":null,"specType":"JOLT","status":"Draft","specification":"{}","samplePayload":"{\n    \"id\": 54119912,\n    \"iid\": 1,\n    \"project_id\": 19843819,\n    \"title\": \"Service Desk (from sbhaskara@connectall.com): Servicedesk issue 1\",\n    \"description\": \"Servicedesk issue 1\\n\\n\\n\\nRegards\\n\\n*Sharath Bhaskara*\\n\\n*Director Tech. Services*\\n\\nsbhaskara@connectall.com\\n\\n\\n\\n*ConnectALL, LLC*\\n177 E Colorado Blvd, Unit #200\\nPasadena, CA 91105\\nUnited States\\n\\nwww.connectall.com\\n\\n\\n*EMAIL CONFIDENTIALITY NOTICE*\\n\\nCONFIDENTIALITY NOTICE:  This email message (including any attachments) is\\nconfidential and intended only for the person(s) named in the message\\nheader.  If you are not an intended recipient, or if this message has been\\naddressed to you in error, please immediately alert the sender by reply\\nemail, then delete this message and all attachments, if any.  All rights\\nand remedies of ConnectALL, LLC on account of the wrongful disclosure, use,\\ncopying or distribution of this message and any attachments or associated\\nnonpublic information or data are hereby reserved to the fullest extent\\nprovided by law.\",\n    \"state\": \"closed\",\n    \"created_at\": \"2020-07-08T22:24:45.539Z\",\n    \"updated_at\": \"2020-07-08T22:25:16.041Z\",\n    \"closed_at\": \"2020-07-08T22:25:16.024Z\",\n    \"closed_by\": {\n        \"id\": 6389070,\n        \"name\": \"Sharath Bhaskara\",\n        \"username\": \"sbhaskara\",\n        \"state\": \"active\",\n        \"avatar_url\": \"https://secure.gravatar.com/avatar/f3f25013727b95efefc0d313966b0a30?s=80&d=identicon\",\n        \"web_url\": \"https://gitlab.com/sbhaskara\"\n    },\n    \"labels\": [],\n    \"milestone\": null,\n    \"assignees\": [],\n    \"author\": {\n        \"id\": 1257257,\n        \"name\": \"GitLab Support Bot\",\n        \"username\": \"support-bot\",\n        \"state\": \"active\",\n        \"avatar_url\": \"https://secure.gravatar.com/avatar/f21cf9717c13c6f591e183c2b2484d9a?s=80&d=identicon\",\n        \"web_url\": \"https://gitlab.com/support-bot\"\n    },\n    \"assignee\": null,\n    \"user_notes_count\": 0,\n    \"merge_requests_count\": 0,\n    \"upvotes\": 0,\n    \"downvotes\": 0,\n    \"due_date\": null,\n    \"confidential\": true,\n    \"discussion_locked\": null,\n    \"web_url\": \"https://gitlab.com/sbhaskara/firstproject/-/issues/1\",\n    \"time_stats\": {\n        \"time_estimate\": 0,\n        \"total_time_spent\": 0,\n        \"human_time_estimate\": null,\n        \"human_total_time_spent\": null\n    },\n    \"task_completion_status\": {\n        \"count\": 0,\n        \"completed_count\": 0\n    },\n    \"has_tasks\": false,\n    \"_links\": {\n        \"self\": \"https://gitlab.com/api/v4/projects/19843819/issues/1\",\n        \"notes\": \"https://gitlab.com/api/v4/projects/19843819/issues/1/notes\",\n        \"award_emoji\": \"https://gitlab.com/api/v4/projects/19843819/issues/1/award_emoji\",\n        \"project\": \"https://gitlab.com/api/v4/projects/19843819\"\n    },\n    \"references\": {\n        \"short\": \"#1\",\n        \"relative\": \"#1\",\n        \"full\": \"sbhaskara/firstproject#1\"\n    },\n    \"subscribed\": true,\n    \"moved_to_id\": null\n}","statusCode":0,"contentAvailable":true},"Request":{"specId":21,"type":"Request","adapterType":null,"specType":null,"status":"Draft","specification":null,"samplePayload":null,"statusCode":0,"contentAvailable":false}}}},"default":false}]