{"version":null,"displayName":"GitLab","type":"gitlab","logo":"gitlab.png","logoSmall":"gitlab-small.png","metadata":[{"name":"issuetype","dependent":false,"dependentMetadata":null,"values":[{"id":"issues","name":"Issues","attributeName":null,"referenceType":null,"dependents":null,"regex":false}]},{"name":"project","dependent":false,"dependentMetadata":null,"values":[{"id":"19843819","name":"FirstProject","attributeName":null,"referenceType":null,"dependents":null,"regex":false}]}],"fields":[{"id":"updated_at","name":"Updated","datatype":"Datetime","values":null},{"id":"web_url","name":"URL","datatype":"String","values":null},{"id":"description","name":"Description","datatype":"PlainText","values":null},{"id":"created_at","name":"Created","datatype":"Datetime","values":null},{"id":"id","name":"IID","datatype":"Number","values":null},{"id":"title","name":"title","datatype":"String","values":null},{"id":"state_event","name":"State","datatype":"String","values":[{"id":"close","name":"close-event","attributeName":null,"referenceType":null,"dependents":null,"regex":false},{"id":"reopen","name":"reopen-event","attributeName":null,"referenceType":null,"dependents":null,"regex":false},{"id":"open","name":"open-event","attributeName":null,"referenceType":null,"dependents":null,"regex":false},{"id":"closed","name":"close-state","attributeName":null,"referenceType":null,"dependents":null,"regex":false},{"id":"opened","name":"open-state","attributeName":null,"referenceType":null,"dependents":null,"regex":false},{"id":"reopened","name":"reopen-state","attributeName":null,"referenceType":null,"dependents":null,"regex":false}]}],"loginOptions":["PRIVATE-TOKEN"],"idFieldName":"id","titleFieldName":"title","projectFieldName":"project","artifactFieldName":"issuetype","testStepsFieldName":null,"changedDateFieldName":"updated_at","dateFormat":"dd-MM-yyyy","dateTimeFormat":"dd-MM-yyyy'T'HH:mm:ss.SSSZ","queryDateFormat":"dd-MM-yyyy'T'HH:mm:ss.SSSZ","iso8601DateFormat":false,"commentFieldName":"Comments","commentFieldId":"commentId","attachmentFieldName":"Attachment","attachmentFieldId":"attachmentId","apiVersion":null,"callBackUrlConfigured":false,"callBackUrls":null,"apiProvider":"ExternalApplication","applicationType":null,"urlDescription":"","userNameDescription":"","passwordDescription":"","paginationSupported":false,"paginationAttributes":null,"status":"Active","active":true}