[{"schemeId":22,"schemeName":"Issues","adapterType":"gitlab","group":null,"active":true,"adapterMetadataList":[],"requestHeaders":[],"restTemplates":{"UPDATE_RECORD":{"templateId":103,"operation":"UPDATE_RECORD","httpVerb":"PUT","restUrl":"/api/v4/projects/${project}/issues/${recordId}","specifications":{"Request":{"specId":208,"type":"Request","adapterType":null,"specType":"JOLT","status":"Active","specification":"[\n  {\n    \"operation\": \"shift\",\n    \"spec\": {\n      \"fields\": {\n        \"*\": \"&\"\n      }\n    }\n  }\n]","samplePayload":"{\n    \"id\": 96895645,\n    \"iid\": 16,\n    \"project_id\": 31116393,\n    \"title\": \"Postman Test\",\n    \"description\": \"My second API test\",\n    \"state\": \"opened\",\n    \"created_at\": \"2021-11-08T03:05:20.963Z\",\n    \"updated_at\": \"2021-11-08T03:07:37.481Z\",\n    \"closed_at\": null,\n    \"closed_by\": null,\n    \"labels\": [],\n    \"milestone\": null,\n    \"assignees\": [],\n    \"author\": {\n        \"id\": 10160964,\n        \"name\": \"Johnathan McGowan\",\n        \"username\": \"jmcgowan\",\n        \"state\": \"active\",\n        \"avatar_url\": \"https://secure.gravatar.com/avatar/7b5cc55300d18035f54aa3fd14e423c1?s=80&d=identicon\",\n        \"web_url\": \"https://gitlab.com/jmcgowan\"\n    },\n    \"type\": \"ISSUE\",\n    \"assignee\": null,\n    \"user_notes_count\": 0,\n    \"merge_requests_count\": 0,\n    \"upvotes\": 0,\n    \"downvotes\": 0,\n    \"due_date\": null,\n    \"confidential\": false,\n    \"discussion_locked\": null,\n    \"issue_type\": \"issue\",\n    \"web_url\": \"https://gitlab.com/jm-connectall/learn-gitlab-ultimate-trial/-/issues/16\",\n    \"time_stats\": {\n        \"time_estimate\": 0,\n        \"total_time_spent\": 0,\n        \"human_time_estimate\": null,\n        \"human_total_time_spent\": null\n    },\n    \"task_completion_status\": {\n        \"count\": 0,\n        \"completed_count\": 0\n    },\n    \"weight\": null,\n    \"blocking_issues_count\": 0,\n    \"has_tasks\": false,\n    \"_links\": {\n        \"self\": \"https://gitlab.com/api/v4/projects/31116393/issues/16\",\n        \"notes\": \"https://gitlab.com/api/v4/projects/31116393/issues/16/notes\",\n        \"award_emoji\": \"https://gitlab.com/api/v4/projects/31116393/issues/16/award_emoji\",\n        \"project\": \"https://gitlab.com/api/v4/projects/31116393\"\n    },\n    \"references\": {\n        \"short\": \"#16\",\n        \"relative\": \"#16\",\n        \"full\": \"jm-connectall/learn-gitlab-ultimate-trial#16\"\n    },\n    \"subscribed\": true,\n    \"moved_to_id\": null,\n    \"service_desk_reply_to\": null,\n    \"epic_iid\": null,\n    \"epic\": null,\n    \"health_status\": null\n}","contentAvailable":true,"statusCode":2},"Response":{"specId":207,"type":"Response","adapterType":null,"specType":"JOLT","status":"Active","specification":"[\n  {\n    \"operation\": \"shift\",\n    \"spec\": {\n      \"id\": null,\n      \"iid\": \"id\",\n      \"*\": \"fields.&\"\n    }\n  }, {\n    \"operation\": \"modify-overwrite-beta\",\n    \"spec\": {\n      \"id\": \"=toString\"\n    }\n}\n]","samplePayload":"{\n    \"id\": 96895645,\n    \"iid\": 16,\n    \"project_id\": 31116393,\n    \"title\": \"Postman Test\",\n    \"description\": \"My second API test\",\n    \"state\": \"opened\",\n    \"created_at\": \"2021-11-08T03:05:20.963Z\",\n    \"updated_at\": \"2021-11-08T03:07:37.481Z\",\n    \"closed_at\": null,\n    \"closed_by\": null,\n    \"labels\": [],\n    \"milestone\": null,\n    \"assignees\": [],\n    \"author\": {\n        \"id\": 10160964,\n        \"name\": \"Johnathan McGowan\",\n        \"username\": \"jmcgowan\",\n        \"state\": \"active\",\n        \"avatar_url\": \"https://secure.gravatar.com/avatar/7b5cc55300d18035f54aa3fd14e423c1?s=80&d=identicon\",\n        \"web_url\": \"https://gitlab.com/jmcgowan\"\n    },\n    \"type\": \"ISSUE\",\n    \"assignee\": null,\n    \"user_notes_count\": 0,\n    \"merge_requests_count\": 0,\n    \"upvotes\": 0,\n    \"downvotes\": 0,\n    \"due_date\": null,\n    \"confidential\": false,\n    \"discussion_locked\": null,\n    \"issue_type\": \"issue\",\n    \"web_url\": \"https://gitlab.com/jm-connectall/learn-gitlab-ultimate-trial/-/issues/16\",\n    \"time_stats\": {\n        \"time_estimate\": 0,\n        \"total_time_spent\": 0,\n        \"human_time_estimate\": null,\n        \"human_total_time_spent\": null\n    },\n    \"task_completion_status\": {\n        \"count\": 0,\n        \"completed_count\": 0\n    },\n    \"weight\": null,\n    \"blocking_issues_count\": 0,\n    \"has_tasks\": false,\n    \"_links\": {\n        \"self\": \"https://gitlab.com/api/v4/projects/31116393/issues/16\",\n        \"notes\": \"https://gitlab.com/api/v4/projects/31116393/issues/16/notes\",\n        \"award_emoji\": \"https://gitlab.com/api/v4/projects/31116393/issues/16/award_emoji\",\n        \"project\": \"https://gitlab.com/api/v4/projects/31116393\"\n    },\n    \"references\": {\n        \"short\": \"#16\",\n        \"relative\": \"#16\",\n        \"full\": \"jm-connectall/learn-gitlab-ultimate-trial#16\"\n    },\n    \"subscribed\": true,\n    \"moved_to_id\": null,\n    \"service_desk_reply_to\": null,\n    \"epic_iid\": null,\n    \"epic\": null,\n    \"health_status\": null\n}","contentAvailable":true,"statusCode":2}}},"CREATE_RECORD":{"templateId":101,"operation":"CREATE_RECORD","httpVerb":"POST","restUrl":"/api/v4/projects/${project}/issues","specifications":{"Request":{"specId":202,"type":"Request","adapterType":null,"specType":"JOLT","status":"Active","specification":"[\n  {\n    \"operation\": \"shift\",\n    \"spec\": {\n      \"fields\": {\n        \"*\": \"&\"\n      }\n    }\n  }\n]","samplePayload":"{\n  \"fields\": {\n    \"summary\": \"Test for API creation 2\",\n    \"description\": \"Test for API creation 2\",\n    \"priority\": \"1\",\n    \"modifiedTime\": \"01-04-2019 11:46:30.124\",\n    \"severity\": \"2\",\n    \"status\": \"Open\"\n  }\n}","contentAvailable":true,"statusCode":2},"Response":{"specId":201,"type":"Response","adapterType":null,"specType":"JOLT","status":"Active","specification":"[\n  {\n    \"operation\": \"shift\",\n    \"spec\": {\n      \"id\": null,\n      \"iid\": \"id\",\n      \"*\": \"fields.&\"\n    }\n  }, {\n    \"operation\": \"modify-overwrite-beta\",\n    \"spec\": {\n      \"id\": \"=toString\"\n    }\n}\n]","samplePayload":"{\n    \"id\": 96895645,\n    \"iid\": 16,\n    \"project_id\": 31116393,\n    \"title\": \"Postman Test\",\n    \"description\": \"My first API test\",\n    \"state\": \"opened\",\n    \"created_at\": \"2021-11-08T03:05:20.963Z\",\n    \"updated_at\": \"2021-11-08T03:05:20.963Z\",\n    \"closed_at\": null,\n    \"closed_by\": null,\n    \"labels\": [],\n    \"milestone\": null,\n    \"assignees\": [],\n    \"author\": {\n        \"id\": 10160964,\n        \"name\": \"Johnathan McGowan\",\n        \"username\": \"jmcgowan\",\n        \"state\": \"active\",\n        \"avatar_url\": \"https://secure.gravatar.com/avatar/7b5cc55300d18035f54aa3fd14e423c1?s=80&d=identicon\",\n        \"web_url\": \"https://gitlab.com/jmcgowan\"\n    },\n    \"type\": \"ISSUE\",\n    \"assignee\": null,\n    \"user_notes_count\": 0,\n    \"merge_requests_count\": 0,\n    \"upvotes\": 0,\n    \"downvotes\": 0,\n    \"due_date\": null,\n    \"confidential\": false,\n    \"discussion_locked\": null,\n    \"issue_type\": \"issue\",\n    \"web_url\": \"https://gitlab.com/jm-connectall/learn-gitlab-ultimate-trial/-/issues/16\",\n    \"time_stats\": {\n        \"time_estimate\": 0,\n        \"total_time_spent\": 0,\n        \"human_time_estimate\": null,\n        \"human_total_time_spent\": null\n    },\n    \"task_completion_status\": {\n        \"count\": 0,\n        \"completed_count\": 0\n    },\n    \"weight\": null,\n    \"blocking_issues_count\": 0,\n    \"has_tasks\": false,\n    \"_links\": {\n        \"self\": \"https://gitlab.com/api/v4/projects/31116393/issues/16\",\n        \"notes\": \"https://gitlab.com/api/v4/projects/31116393/issues/16/notes\",\n        \"award_emoji\": \"https://gitlab.com/api/v4/projects/31116393/issues/16/award_emoji\",\n        \"project\": \"https://gitlab.com/api/v4/projects/31116393\"\n    },\n    \"references\": {\n        \"short\": \"#16\",\n        \"relative\": \"#16\",\n        \"full\": \"jm-connectall/learn-gitlab-ultimate-trial#16\"\n    },\n    \"subscribed\": true,\n    \"moved_to_id\": null,\n    \"service_desk_reply_to\": null,\n    \"epic_iid\": null,\n    \"epic\": null,\n    \"health_status\": null\n}","contentAvailable":true,"statusCode":2}}},"QUERY_MODIFIED_RECORDS":{"templateId":104,"operation":"QUERY_MODIFIED_RECORDS","httpVerb":"GET","restUrl":"/api/v4/projects/${project}/issues?updated_after=${last-modified-time}","specifications":{"Request":{"specId":204,"type":"Request","adapterType":null,"specType":null,"status":"Active","specification":null,"samplePayload":null,"contentAvailable":false,"statusCode":2},"Response":{"specId":203,"type":"Response","adapterType":null,"specType":"JOLT","status":"Active","specification":"[{\n    \"operation\": \"shift\",\n    \"spec\": {\n      \"*\": {\n        \"id\": null,\n        \"iid\": \"result.[&1].id\",\n        \"*\": \"result[&1].fields.&\"\n      }\n    }\n},\n  {\n    \"operation\": \"modify-overwrite-beta\",\n    \"spec\": {\n      \"result\": {\n        \"*\": {\n          \"id\": \"=toString\"\n        }\n      },\n      \"totalrecords\": \"=size(@(1,result))\"\n    }\n},\n\n  {\n    \"operation\": \"default\",\n    \"spec\": {\n      \"totalrecords\": 0,\n      \"result\": []\n    }\n }\n\n]\n","samplePayload":"[\n    {\n        \"id\": 96895645,\n        \"iid\": 16,\n        \"project_id\": 31116393,\n        \"title\": \"Gitlab test\",\n        \"description\": \"My test from Gitlab!\",\n        \"state\": \"opened\",\n        \"created_at\": \"2021-11-08T03:05:20.963Z\",\n        \"updated_at\": \"2021-11-08T03:26:03.518Z\",\n        \"closed_at\": null,\n        \"closed_by\": null,\n        \"labels\": [],\n        \"milestone\": null,\n        \"assignees\": [],\n        \"author\": {\n            \"id\": 10160964,\n            \"name\": \"Johnathan McGowan\",\n            \"username\": \"jmcgowan\",\n            \"state\": \"active\",\n            \"avatar_url\": \"https://secure.gravatar.com/avatar/7b5cc55300d18035f54aa3fd14e423c1?s=80&d=identicon\",\n            \"web_url\": \"https://gitlab.com/jmcgowan\"\n        },\n        \"type\": \"ISSUE\",\n        \"assignee\": null,\n        \"user_notes_count\": 0,\n        \"merge_requests_count\": 0,\n        \"upvotes\": 0,\n        \"downvotes\": 0,\n        \"due_date\": null,\n        \"confidential\": false,\n        \"discussion_locked\": null,\n        \"issue_type\": \"issue\",\n        \"web_url\": \"https://gitlab.com/jm-connectall/learn-gitlab-ultimate-trial/-/issues/16\",\n        \"time_stats\": {\n            \"time_estimate\": 0,\n            \"total_time_spent\": 0,\n            \"human_time_estimate\": null,\n            \"human_total_time_spent\": null\n        },\n        \"task_completion_status\": {\n            \"count\": 0,\n            \"completed_count\": 0\n        },\n        \"weight\": null,\n        \"blocking_issues_count\": 0,\n        \"has_tasks\": false,\n        \"_links\": {\n            \"self\": \"https://gitlab.com/api/v4/projects/31116393/issues/16\",\n            \"notes\": \"https://gitlab.com/api/v4/projects/31116393/issues/16/notes\",\n            \"award_emoji\": \"https://gitlab.com/api/v4/projects/31116393/issues/16/award_emoji\",\n            \"project\": \"https://gitlab.com/api/v4/projects/31116393\"\n        },\n        \"references\": {\n            \"short\": \"#16\",\n            \"relative\": \"#16\",\n            \"full\": \"jm-connectall/learn-gitlab-ultimate-trial#16\"\n        },\n        \"moved_to_id\": null,\n        \"service_desk_reply_to\": null,\n        \"epic_iid\": null,\n        \"epic\": null,\n        \"health_status\": null\n    },\n    {\n        \"id\": 96888036,\n        \"iid\": 1,\n        \"project_id\": 31116393,\n        \"title\": \"Set up your profile and set your status\",\n        \"description\": \"# Set up your profile\\n\\nSetting up your profile helps others in your team to get to know you better. Things like your name, avatar and your role also make it easier to recognize you when collaborating with others. \\n\\n* :book:[Read the documentation](https://docs.gitlab.com/ee/user/profile/#profile-settings)\\n\\n# Set your status\\n\\nYou can provide a custom status message for your user profile along with an emoji that describes it. This may be helpful when you are out of office or otherwise not available. Other users can then take your status into consideration when responding to your issues or assigning work to you.\\n\\n* :book:[Read the documentation](https://docs.gitlab.com/ee/user/profile/#current-status)\\n\\n## Next steps\\n\\n* [ ] Click on your avatar (in the top right of the main navigation bar), then click **Preferences**.\\n* [ ] Choose an emoji and write something to describe your status in the **Current status** section.\\n* [ ] Update your personal settings as you wish in the **Main settings** section and click on **Update profile settings** when done.\\n\\nAll done! :tada: Now others know who you are and what your status is.\",\n        \"state\": \"opened\",\n        \"created_at\": \"2021-11-07T19:41:25.343Z\",\n        \"updated_at\": \"2021-11-07T19:56:42.428Z\",\n        \"closed_at\": null,\n        \"closed_by\": null,\n        \"labels\": [\n            \"Novice\"\n        ],\n        \"milestone\": null,\n        \"assignees\": [\n            {\n                \"id\": 10160964,\n                \"name\": \"Johnathan McGowan\",\n                \"username\": \"jmcgowan\",\n                \"state\": \"active\",\n                \"avatar_url\": \"https://secure.gravatar.com/avatar/7b5cc55300d18035f54aa3fd14e423c1?s=80&d=identicon\",\n                \"web_url\": \"https://gitlab.com/jmcgowan\"\n            }\n        ],\n        \"author\": {\n            \"id\": 10160964,\n            \"name\": \"Johnathan McGowan\",\n            \"username\": \"jmcgowan\",\n            \"state\": \"active\",\n            \"avatar_url\": \"https://secure.gravatar.com/avatar/7b5cc55300d18035f54aa3fd14e423c1?s=80&d=identicon\",\n            \"web_url\": \"https://gitlab.com/jmcgowan\"\n        },\n        \"type\": \"ISSUE\",\n        \"assignee\": {\n            \"id\": 10160964,\n            \"name\": \"Johnathan McGowan\",\n            \"username\": \"jmcgowan\",\n            \"state\": \"active\",\n            \"avatar_url\": \"https://secure.gravatar.com/avatar/7b5cc55300d18035f54aa3fd14e423c1?s=80&d=identicon\",\n            \"web_url\": \"https://gitlab.com/jmcgowan\"\n        },\n        \"user_notes_count\": 1,\n        \"merge_requests_count\": 0,\n        \"upvotes\": 0,\n        \"downvotes\": 0,\n        \"due_date\": null,\n        \"confidential\": false,\n        \"discussion_locked\": null,\n        \"issue_type\": \"issue\",\n        \"web_url\": \"https://gitlab.com/jm-connectall/learn-gitlab-ultimate-trial/-/issues/1\",\n        \"time_stats\": {\n            \"time_estimate\": 0,\n            \"total_time_spent\": 0,\n            \"human_time_estimate\": null,\n            \"human_total_time_spent\": null\n        },\n        \"task_completion_status\": {\n            \"count\": 3,\n            \"completed_count\": 0\n        },\n        \"weight\": null,\n        \"blocking_issues_count\": 0,\n        \"has_tasks\": true,\n        \"task_status\": \"0 of 3 tasks completed\",\n        \"_links\": {\n            \"self\": \"https://gitlab.com/api/v4/projects/31116393/issues/1\",\n            \"notes\": \"https://gitlab.com/api/v4/projects/31116393/issues/1/notes\",\n            \"award_emoji\": \"https://gitlab.com/api/v4/projects/31116393/issues/1/award_emoji\",\n            \"project\": \"https://gitlab.com/api/v4/projects/31116393\"\n        },\n        \"references\": {\n            \"short\": \"#1\",\n            \"relative\": \"#1\",\n            \"full\": \"jm-connectall/learn-gitlab-ultimate-trial#1\"\n        },\n        \"moved_to_id\": null,\n        \"service_desk_reply_to\": null,\n        \"epic_iid\": null,\n        \"epic\": null,\n        \"health_status\": null\n    }\n]","contentAvailable":true,"statusCode":2}}},"QUERY_RECORD_BY_ID":{"templateId":102,"operation":"QUERY_RECORD_BY_ID","httpVerb":"GET","restUrl":"/api/v4/projects/${project}/issues/${recordId}","specifications":{"Request":{"specId":206,"type":"Request","adapterType":null,"specType":null,"status":"Active","specification":null,"samplePayload":null,"contentAvailable":false,"statusCode":2},"Response":{"specId":205,"type":"Response","adapterType":null,"specType":"JOLT","status":"Active","specification":"[\n  {\n    \"operation\": \"shift\",\n    \"spec\": {\n      \"id\": null,\n      \"iid\": \"id\",\n      \"*\": \"fields.&\"\n    }\n  }, {\n    \"operation\": \"modify-overwrite-beta\",\n    \"spec\": {\n      \"id\": \"=toString\"\n    }\n}\n]","samplePayload":"{\n    \"id\": 96895645,\n    \"iid\": 16,\n    \"project_id\": 31116393,\n    \"title\": \"Gitlab test\",\n    \"description\": \"My test from Gitlab.\",\n    \"state\": \"opened\",\n    \"created_at\": \"2021-11-08T03:05:20.963Z\",\n    \"updated_at\": \"2021-11-08T03:35:35.159Z\",\n    \"closed_at\": null,\n    \"closed_by\": null,\n    \"labels\": [],\n    \"milestone\": null,\n    \"assignees\": [],\n    \"author\": {\n        \"id\": 10160964,\n        \"name\": \"Johnathan McGowan\",\n        \"username\": \"jmcgowan\",\n        \"state\": \"active\",\n        \"avatar_url\": \"https://secure.gravatar.com/avatar/7b5cc55300d18035f54aa3fd14e423c1?s=80&d=identicon\",\n        \"web_url\": \"https://gitlab.com/jmcgowan\"\n    },\n    \"type\": \"ISSUE\",\n    \"assignee\": null,\n    \"user_notes_count\": 0,\n    \"merge_requests_count\": 0,\n    \"upvotes\": 0,\n    \"downvotes\": 0,\n    \"due_date\": null,\n    \"confidential\": false,\n    \"discussion_locked\": null,\n    \"issue_type\": \"issue\",\n    \"web_url\": \"https://gitlab.com/jm-connectall/learn-gitlab-ultimate-trial/-/issues/16\",\n    \"time_stats\": {\n        \"time_estimate\": 0,\n        \"total_time_spent\": 0,\n        \"human_time_estimate\": null,\n        \"human_total_time_spent\": null\n    },\n    \"task_completion_status\": {\n        \"count\": 0,\n        \"completed_count\": 0\n    },\n    \"weight\": null,\n    \"blocking_issues_count\": 0,\n    \"has_tasks\": false,\n    \"_links\": {\n        \"self\": \"https://gitlab.com/api/v4/projects/31116393/issues/16\",\n        \"notes\": \"https://gitlab.com/api/v4/projects/31116393/issues/16/notes\",\n        \"award_emoji\": \"https://gitlab.com/api/v4/projects/31116393/issues/16/award_emoji\",\n        \"project\": \"https://gitlab.com/api/v4/projects/31116393\"\n    },\n    \"references\": {\n        \"short\": \"#16\",\n        \"relative\": \"#16\",\n        \"full\": \"jm-connectall/learn-gitlab-ultimate-trial#16\"\n    },\n    \"subscribed\": true,\n    \"moved_to_id\": null,\n    \"service_desk_reply_to\": null,\n    \"epic_iid\": null,\n    \"epic\": null,\n    \"health_status\": null\n}","contentAvailable":true,"statusCode":2}}}},"default":true}]