[{"schemeId":8,"schemeName":"Branches","adapterType":"gitlab","group":null,"active":true,"adapterMetadataList":[{"metadataId":26,"metadataKey":"issuetype","metadataValue":"branches"}],"requestHeaders":[],"restTemplates":{"QUERY_MODIFIED_RECORDS":{"templateId":95,"operation":"QUERY_MODIFIED_RECORDS","httpVerb":"GET","restUrl":"/api/v4/projects/${project}/repository/branches","specifications":{"Response":{"specId":181,"type":"Response","adapterType":null,"specType":"JOLT","status":"Active","specification":"[\n  {\n    \"operation\": \"shift\",\n    \"spec\": {\n      \"*\": {\n        \"name\": \"result.[&1].id\",\n        \"*\": \"result.[&1].fields.&\",\n        \"commit\": {\n          \"trailers\": {\n            \"*\": \"result.[&3].fields.commit_trailers_&\"\n          },\n          \"extended_trailers\": {\n            \"*\": \"result.[&3].fields.commit_extended_trailers_&\"\n          },\n          \"*\": \"result.[&2].fields.commit_&\"\n        }\n      }\n    }\n    },\n  {\n    \"operation\": \"modify-overwrite-beta\",\n    \"spec\": {\n      \"total_records\": \"=size(@(1,result))\"\n    }\n  },\n  {\n    \"operation\": \"default\",\n    \"spec\": {\n      \"total_records\": 0,\n      \"result\": []\n    }\n  }\n]\n","samplePayload":"[\n  {\n    \"name\": \"main\",\n    \"merged\": false,\n    \"protected\": true,\n    \"default\": true,\n    \"developers_can_push\": false,\n    \"developers_can_merge\": false,\n    \"can_push\": true,\n    \"web_url\": \"https://gitlab.example.com/my-group/my-project/-/tree/main\",\n    \"commit\": {\n      \"id\": \"7b5c3cc8be40ee161ae89a06bba6229da1032a0c\",\n      \"short_id\": \"7b5c3cc\",\n      \"created_at\": \"2024-06-28T03:44:20-07:00\",\n      \"parent_ids\": [\n        \"4ad91d3c1144c406e50c7b33bae684bd6837faf8\"\n      ],\n      \"title\": \"add projects API\",\n      \"message\": \"add projects API\",\n      \"author_name\": \"John Smith\",\n      \"author_email\": \"john@example.com\",\n      \"authored_date\": \"2024-06-27T05:51:39-07:00\",\n      \"committer_name\": \"John Smith\",\n      \"committer_email\": \"john@example.com\",\n      \"committed_date\": \"2024-06-28T03:44:20-07:00\",\n      \"trailers\": {},\n      \"extended_trailers\": {},\n      \"web_url\": \"https://gitlab.example.com/my-group/my-project/-/commit/7b5c3cc8be40ee161ae89a06bba6229da1032a0c\"\n    }\n  }\n]","contentAvailable":true,"statusCode":2},"Request":{"specId":182,"type":"Request","adapterType":null,"specType":null,"status":"Active","specification":null,"samplePayload":null,"contentAvailable":false,"statusCode":2}}},"CREATE_RECORD":{"templateId":96,"operation":"CREATE_RECORD","httpVerb":"POST","restUrl":"/api/v4/projects/${project}/repository/branches","specifications":{"Response":{"specId":183,"type":"Response","adapterType":null,"specType":"JOLT","status":"Active","specification":"[\n  {\n    \"operation\": \"shift\",\n    \"spec\": {\n      \"name\": \"id\",\n      \"*\": \"fields.&\",\n      \"commit\": {\n        \"*\": \"fields.commit_&\"\n      }\n    }\n  }\n]\n","samplePayload":"{\n  \"commit\": {\n    \"id\": \"7b5c3cc8be40ee161ae89a06bba6229da1032a0c\",\n    \"short_id\": \"7b5c3cc\",\n    \"created_at\": \"2012-06-28T03:44:20-07:00\",\n    \"parent_ids\": [\n      \"4ad91d3c1144c406e50c7b33bae684bd6837faf8\"\n    ],\n    \"title\": \"add projects API\",\n    \"message\": \"add projects API\",\n    \"author_name\": \"John Smith\",\n    \"author_email\": \"john@example.com\",\n    \"authored_date\": \"2012-06-27T05:51:39-07:00\",\n    \"committer_name\": \"John Smith\",\n    \"committer_email\": \"john@example.com\",\n    \"committed_date\": \"2012-06-28T03:44:20-07:00\",\n    \"trailers\": {},\n    \"web_url\": \"https://gitlab.example.com/my-group/my-project/-/commit/7b5c3cc8be40ee161ae89a06bba6229da1032a0c\"\n  },\n  \"name\": \"branch1\",\n  \"merged\": false,\n  \"protected\": false,\n  \"default\": false,\n  \"developers_can_push\": false,\n  \"developers_can_merge\": false,\n  \"can_push\": true,\n  \"web_url\": \"https://gitlab.example.com/my-group/my-project/-/tree/newbranch\"\n}","contentAvailable":true,"statusCode":2},"Request":{"specId":184,"type":"Request","adapterType":null,"specType":"JOLT","status":"Active","specification":"[\n  {\n    // name cannot contain spaces, so replace spaces with -\n    \"operation\": \"modify-overwrite-beta\",\n    \"spec\": {\n      \"fields\": {\n        \"tokens\": \"=split(' ',@(1,branch))\",\n        \"branch\": \"=join('-', @(1,tokens))\"\n      }\n    }\n  },\n  {\n    \"operation\": \"remove\",\n    \"spec\": {\n      \"fields\": {\n        \"tokens\": \"\"\n      }\n    }\n  },\n  {\n    \"operation\": \"shift\",\n    \"spec\": {\n      \"fields\": {\n        \"*\": \"&\"\n      }\n    }\n  }\n]","samplePayload":"{\n  \"fields\": {\n    \"branch\": \"branch name\",\n    \"ref\": \"main\"\n  }\n}","contentAvailable":true,"statusCode":2}}},"UPDATE_RECORD":{"templateId":97,"operation":"UPDATE_RECORD","httpVerb":"PUT","restUrl":"na","specifications":{"Response":{"specId":185,"type":"Response","adapterType":null,"specType":"None","status":"Active","specification":"{}","samplePayload":"{\n  \"id\": \"TP-4\",\n  \"fields\": {\n    \"summary\": \"Test for API creation 2\",\n    \"description\": \"Test for API creation 2\",\n    \"priority\": \"1\",\n    \"modifiedTime\": \"01-04-2019 11:46:30.124\",\n    \"severity\": \"2\",\n    \"status\": \"Open\"\n  }\n}","contentAvailable":true,"statusCode":2},"Request":{"specId":186,"type":"Request","adapterType":null,"specType":"None","status":"Active","specification":"{}","samplePayload":"{\n  \"id\": \"TP-4\",\n  \"fields\": {\n    \"summary\": \"Test for API creation 2\",\n    \"description\": \"Test for API creation 2\",\n    \"assignee\": \"admin\",\n    \"priority\": \"1\",\n    \"reporter\": \"admin\"\n  }\n}","contentAvailable":true,"statusCode":2}}},"QUERY_RECORD_BY_ID":{"templateId":98,"operation":"QUERY_RECORD_BY_ID","httpVerb":"GET","restUrl":"/api/v4/projects/${project}/repository/branches/${recordId}","specifications":{"Response":{"specId":187,"type":"Response","adapterType":null,"specType":"JOLT","status":"Active","specification":"[\n  {\n    \"operation\": \"shift\",\n    \"spec\": {\n      \"name\": \"id\",\n      \"*\": \"fields.&\",\n      \"commit\": {\n        \"trailers\": {\n          \"*\": \"fields.commit_trailers_&\"\n        },\n        \"*\": \"fields.commit_&\"\n      }\n    }\n  }\n]\n","samplePayload":"{\n  \"name\": \"main\",\n  \"merged\": false,\n  \"protected\": true,\n  \"default\": true,\n  \"developers_can_push\": false,\n  \"developers_can_merge\": false,\n  \"can_push\": true,\n  \"web_url\": \"https://gitlab.example.com/my-group/my-project/-/tree/main\",\n  \"commit\": {\n    \"id\": \"7b5c3cc8be40ee161ae89a06bba6229da1032a0c\",\n    \"short_id\": \"7b5c3cc\",\n    \"created_at\": \"2012-06-28T03:44:20-07:00\",\n    \"parent_ids\": [\n      \"4ad91d3c1144c406e50c7b33bae684bd6837faf8\"\n    ],\n    \"title\": \"add projects API\",\n    \"message\": \"add projects API\",\n    \"author_name\": \"John Smith\",\n    \"author_email\": \"john@example.com\",\n    \"authored_date\": \"2012-06-27T05:51:39-07:00\",\n    \"committer_name\": \"John Smith\",\n    \"committer_email\": \"john@example.com\",\n    \"committed_date\": \"2012-06-28T03:44:20-07:00\",\n    \"trailers\": {    },\n    \"web_url\": \"https://gitlab.example.com/my-group/my-project/-/commit/7b5c3cc8be40ee161ae89a06bba6229da1032a0c\"\n  }\n}","contentAvailable":true,"statusCode":2},"Request":{"specId":188,"type":"Request","adapterType":null,"specType":null,"status":"Active","specification":null,"samplePayload":null,"contentAvailable":false,"statusCode":2}}}},"default":false},{"schemeId":4,"schemeName":"Issues","adapterType":"gitlab","group":null,"active":true,"adapterMetadataList":[{"metadataId":43,"metadataKey":"issuetype","metadataValue":"issues"}],"requestHeaders":[],"restTemplates":{"QUERY_MODIFIED_RECORDS":{"templateId":153,"operation":"QUERY_MODIFIED_RECORDS","httpVerb":"GET","restUrl":"/api/v4/projects/${project}/issues?updated_after=${last-modified-time}&${pollQuery}","specifications":{"Response":{"specId":297,"type":"Response","adapterType":null,"specType":"JOLT","status":"Active","specification":"[\n  {\n    \"operation\": \"shift\",\n    \"spec\": {\n      \"*\": {\n        \"id\": null,\n        \"iid\": \"result.[&1].id\",\n        \"author\": {\n          \"*\": \"result.[&2].fields.author_&\"\n        },\n        \"milestone\": {\n          \"*\": \"result.[&2].fields.milestone_&\"\n        },\n        \"assignees\": {\n          \"*\": {\n            \"username\": \"result.[&3].fields.assignees_usernames\"\n          }\n        },\n        \"assignee\": {\n          \"*\": \"result.[&2].fields.assignee_&\"\n        },\n        \"references\": {\n          \"*\": \"result.[&2].fields.references_&\"\n        },\n        \"time_stats\": {\n          \"*\": \"result.[&2].fields.time_stats_&\"\n        },\n        \"_links\": {\n          \"*\": \"result.[&2].fields._links_&\"\n        },\n        \"task_completion_status\": {\n          \"*\": \"result.[&2].fields.task_completion_status_&\"\n        },\n        \"*\": \"result[&1].fields.&\"\n      }\n    }\n},\n  {\n    \"operation\": \"modify-overwrite-beta\",\n    \"spec\": {\n      \"result\": {\n        \"*\": {\n          \"id\": \"=toString\"\n        }\n      },\n      \"totalrecords\": \"=size(@(1,result))\"\n    }\n},\n  {\n    \"operation\": \"default\",\n    \"spec\": {\n      \"totalrecords\": 0,\n      \"result\": []\n    }\n }\n]\n","samplePayload":"[\n  {\n    \"state\": \"opened\",\n    \"description\": \"Ratione dolores corrupti mollitia soluta quia.\",\n    \"author\": {\n      \"state\": \"active\",\n      \"id\": 18,\n      \"web_url\": \"https://gitlab.example.com/eileen.lowe\",\n      \"name\": \"Alexandra Bashirian\",\n      \"avatar_url\": null,\n      \"username\": \"eileen.lowe\"\n    },\n    \"milestone\": {\n      \"project_id\": 1,\n      \"description\": \"Ducimus nam enim ex consequatur cumque ratione.\",\n      \"state\": \"closed\",\n      \"due_date\": null,\n      \"iid\": 2,\n      \"created_at\": \"2016-01-04T15:31:39.996Z\",\n      \"title\": \"v4.0\",\n      \"id\": 17,\n      \"updated_at\": \"2016-01-04T15:31:39.996Z\"\n    },\n    \"project_id\": 1,\n    \"assignees\": [\n      {\n        \"state\": \"active\",\n        \"id\": 1,\n        \"name\": \"Administrator\",\n        \"web_url\": \"https://gitlab.example.com/root\",\n        \"avatar_url\": null,\n        \"username\": \"root\"\n      },\n      {\n        \"state\": \"active\",\n        \"id\": 2,\n        \"name\": \"Person1\",\n        \"web_url\": \"https://gitlab.example.com/person1\",\n        \"avatar_url\": null,\n        \"username\": \"person1\"\n      }\n    ],\n    \"assignee\": {\n      \"state\": \"active\",\n      \"id\": 1,\n      \"name\": \"Administrator\",\n      \"web_url\": \"https://gitlab.example.com/root\",\n      \"avatar_url\": null,\n      \"username\": \"root\"\n    },\n    \"type\": \"ISSUE\",\n    \"updated_at\": \"2016-01-04T15:31:51.081Z\",\n    \"closed_at\": null,\n    \"closed_by\": null,\n    \"id\": 76,\n    \"title\": \"Consequatur vero maxime deserunt laboriosam est voluptas dolorem.\",\n    \"created_at\": \"2016-01-04T15:31:51.081Z\",\n    \"moved_to_id\": null,\n    \"iid\": 6,\n    \"labels\": [\n      \"foo\",\n      \"bar\"\n    ],\n    \"upvotes\": 4,\n    \"downvotes\": 0,\n    \"merge_requests_count\": 0,\n    \"user_notes_count\": 1,\n    \"due_date\": \"2016-07-22\",\n    \"imported\": false,\n    \"imported_from\": \"none\",\n    \"web_url\": \"http://gitlab.example.com/my-group/my-project/issues/6\",\n    \"references\": {\n      \"short\": \"#6\",\n      \"relative\": \"my-group/my-project#6\",\n      \"full\": \"my-group/my-project#6\"\n    },\n    \"time_stats\": {\n      \"time_estimate\": 0,\n      \"total_time_spent\": 0,\n      \"human_time_estimate\": null,\n      \"human_total_time_spent\": null\n    },\n    \"has_tasks\": true,\n    \"task_status\": \"10 of 15 tasks completed\",\n    \"confidential\": false,\n    \"discussion_locked\": false,\n    \"issue_type\": \"issue\",\n    \"severity\": \"UNKNOWN\",\n    \"_links\": {\n      \"self\": \"http://gitlab.example.com/api/v4/projects/1/issues/76\",\n      \"notes\": \"http://gitlab.example.com/api/v4/projects/1/issues/76/notes\",\n      \"award_emoji\": \"http://gitlab.example.com/api/v4/projects/1/issues/76/award_emoji\",\n      \"project\": \"http://gitlab.example.com/api/v4/projects/1\",\n      \"closed_as_duplicate_of\": \"http://gitlab.example.com/api/v4/projects/1/issues/75\"\n    },\n    \"task_completion_status\": {\n      \"count\": 0,\n      \"completed_count\": 0\n    }\n  }\n]","contentAvailable":true,"statusCode":2},"Request":{"specId":298,"type":"Request","adapterType":null,"specType":null,"status":"Active","specification":null,"samplePayload":null,"contentAvailable":false,"statusCode":2}}},"CREATE_RECORD":{"templateId":154,"operation":"CREATE_RECORD","httpVerb":"POST","restUrl":"/api/v4/projects/${project}/issues","specifications":{"Response":{"specId":299,"type":"Response","adapterType":null,"specType":"JOLT","status":"Active","specification":"[\n  {\n    \"operation\": \"shift\",\n    \"spec\": {\n      \"id\": null,\n      \"iid\": \"id\",\n      \"author\": {\n        \"*\": \"fields.author_&\"\n      },\n      \"milestone\": {\n        \"*\": \"fields.milestone_&\"\n      },\n      \"assignees\": {\n        \"*\": {\n          \"username\": \"fields.assignees_usernames\"\n        }\n      },\n      \"assignee\": {\n        \"*\": \"fields.assignee_&\"\n      },\n      \"closed_by\": {\n        \"*\": \"fields.closed_by_&\"\n      },\n      \"time_stats\": {\n        \"*\": \"fields.time_stats_&\"\n      },\n      \"task_completion_status\": {\n        \"*\": \"fields.task_completion_status_&\"\n      },\n      \"references\": {\n        \"*\": \"fields.references_&\"\n      },\n      \"_links\": {\n        \"*\": \"fields._links_&\"\n      },\n      \"*\": \"fields.&\"\n    }\n  }, {\n    \"operation\": \"modify-overwrite-beta\",\n    \"spec\": {\n      \"id\": \"=toString\"\n    }\n}\n]\n","samplePayload":"{\n  \"project_id\": 4,\n  \"id\": 84,\n  \"created_at\": \"2016-01-07T12:44:33.959Z\",\n  \"iid\": 14,\n  \"title\": \"Issues with auth\",\n  \"state\": \"opened\",\n  \"assignees\": [],\n  \"assignee\": null,\n  \"type\": \"ISSUE\",\n  \"labels\": [\n    \"bug\"\n  ],\n  \"upvotes\": 4,\n  \"downvotes\": 0,\n  \"merge_requests_count\": 0,\n  \"author\": {\n    \"name\": \"Alexandra Bashirian\",\n    \"avatar_url\": null,\n    \"state\": \"active\",\n    \"web_url\": \"https://gitlab.example.com/eileen.lowe\",\n    \"id\": 18,\n    \"username\": \"eileen.lowe\"\n  },\n  \"description\": null,\n  \"updated_at\": \"2016-01-07T12:44:33.959Z\",\n  \"closed_at\": null,\n  \"closed_by\": null,\n  \"milestone\": null,\n  \"subscribed\": true,\n  \"user_notes_count\": 0,\n  \"due_date\": null,\n  \"web_url\": \"http://gitlab.example.com/my-group/my-project/issues/14\",\n  \"references\": {\n    \"short\": \"#14\",\n    \"relative\": \"#14\",\n    \"full\": \"my-group/my-project#14\"\n  },\n  \"time_stats\": {\n    \"time_estimate\": 0,\n    \"total_time_spent\": 0,\n    \"human_time_estimate\": null,\n    \"human_total_time_spent\": null\n  },\n  \"confidential\": false,\n  \"discussion_locked\": false,\n  \"issue_type\": \"issue\",\n  \"severity\": \"UNKNOWN\",\n  \"_links\": {\n    \"self\": \"http://gitlab.example.com/api/v4/projects/1/issues/2\",\n    \"notes\": \"http://gitlab.example.com/api/v4/projects/1/issues/2/notes\",\n    \"award_emoji\": \"http://gitlab.example.com/api/v4/projects/1/issues/2/award_emoji\",\n    \"project\": \"http://gitlab.example.com/api/v4/projects/1\",\n    \"closed_as_duplicate_of\": \"http://gitlab.example.com/api/v4/projects/1/issues/75\"\n  },\n  \"task_completion_status\": {\n    \"count\": 0,\n    \"completed_count\": 0\n  }\n}","contentAvailable":true,"statusCode":2},"Request":{"specId":300,"type":"Request","adapterType":null,"specType":"JOLT","status":"Active","specification":"[\n  {\n    \"operation\": \"shift\",\n    \"spec\": {\n      \"fields\": {\n        \"*\": \"&\"\n      }\n    }\n  }\n]","samplePayload":"{\n  \"fields\": {\n    \"summary\": \"Test for API creation 2\",\n    \"description\": \"Test for API creation 2\",\n    \"priority\": \"1\",\n    \"modifiedTime\": \"01-04-2019 11:46:30.124\",\n    \"severity\": \"2\",\n    \"status\": \"Open\"\n  }\n}","contentAvailable":true,"statusCode":2}}},"UPDATE_RECORD":{"templateId":155,"operation":"UPDATE_RECORD","httpVerb":"PUT","restUrl":"/api/v4/projects/${project}/issues/${recordId}","specifications":{"Response":{"specId":301,"type":"Response","adapterType":null,"specType":"JOLT","status":"Active","specification":"[\n  {\n    \"operation\": \"shift\",\n    \"spec\": {\n      \"id\": null,\n      \"iid\": \"id\",\n      \"author\": {\n        \"*\": \"fields.author_&\"\n      },\n      \"milestone\": {\n        \"*\": \"fields.milestone_&\"\n      },\n      \"assignees\": {\n        \"*\": {\n          \"username\": \"fields.assignees_usernames\"\n        }\n      },\n      \"assignee\": {\n        \"*\": \"fields.assignee_&\"\n      },\n      \"closed_by\": {\n        \"*\": \"fields.closed_by_&\"\n      },\n      \"time_stats\": {\n        \"*\": \"fields.time_stats_&\"\n      },\n      \"task_completion_status\": {\n        \"*\": \"fields.task_completion_status_&\"\n      },\n      \"references\": {\n        \"*\": \"fields.references_&\"\n      },\n      \"_links\": {\n        \"*\": \"fields._links_&\"\n      },\n      \"*\": \"fields.&\"\n    }\n  }, {\n    \"operation\": \"modify-overwrite-beta\",\n    \"spec\": {\n      \"id\": \"=toString\"\n    }\n}\n]\n","samplePayload":"{\n  \"created_at\": \"2016-01-07T12:46:01.410Z\",\n  \"author\": {\n    \"name\": \"Alexandra Bashirian\",\n    \"avatar_url\": null,\n    \"username\": \"eileen.lowe\",\n    \"id\": 18,\n    \"state\": \"active\",\n    \"web_url\": \"https://gitlab.example.com/eileen.lowe\"\n  },\n  \"state\": \"closed\",\n  \"title\": \"Issues with auth\",\n  \"project_id\": 4,\n  \"description\": null,\n  \"updated_at\": \"2016-01-07T12:55:16.213Z\",\n  \"closed_at\": \"2016-01-08T12:55:16.213Z\",\n  \"closed_by\": {\n    \"state\": \"active\",\n    \"web_url\": \"https://gitlab.example.com/root\",\n    \"avatar_url\": null,\n    \"username\": \"root\",\n    \"id\": 1,\n    \"name\": \"Administrator\"\n  },\n  \"iid\": 15,\n  \"labels\": [\n    \"bug\"\n  ],\n  \"upvotes\": 4,\n  \"downvotes\": 0,\n  \"merge_requests_count\": 0,\n  \"id\": 85,\n  \"assignees\": [],\n  \"assignee\": null,\n  \"milestone\": null,\n  \"subscribed\": true,\n  \"user_notes_count\": 0,\n  \"due_date\": \"2016-07-22\",\n  \"web_url\": \"http://gitlab.example.com/my-group/my-project/issues/15\",\n  \"references\": {\n    \"short\": \"#15\",\n    \"relative\": \"#15\",\n    \"full\": \"my-group/my-project#15\"\n  },\n  \"time_stats\": {\n    \"time_estimate\": 0,\n    \"total_time_spent\": 0,\n    \"human_time_estimate\": null,\n    \"human_total_time_spent\": null\n  },\n  \"confidential\": false,\n  \"discussion_locked\": false,\n  \"issue_type\": \"issue\",\n  \"severity\": \"UNKNOWN\",\n  \"_links\": {\n    \"self\": \"http://gitlab.example.com/api/v4/projects/1/issues/2\",\n    \"notes\": \"http://gitlab.example.com/api/v4/projects/1/issues/2/notes\",\n    \"award_emoji\": \"http://gitlab.example.com/api/v4/projects/1/issues/2/award_emoji\",\n    \"project\": \"http://gitlab.example.com/api/v4/projects/1\",\n    \"closed_as_duplicate_of\": \"http://gitlab.example.com/api/v4/projects/1/issues/75\"\n  },\n  \"task_completion_status\": {\n    \"count\": 0,\n    \"completed_count\": 0\n  }\n}","contentAvailable":true,"statusCode":2},"Request":{"specId":302,"type":"Request","adapterType":null,"specType":"JOLT","status":"Active","specification":"[\n  {\n    \"operation\": \"shift\",\n    \"spec\": {\n      \"fields\": {\n        \"*\": \"&\"\n      }\n    }\n  }\n]","samplePayload":"{\n  \"id\": \"TP-4\",\n  \"fields\": {\n    \"summary\": \"Test for API creation 2\",\n    \"description\": \"Test for API creation 2\",\n    \"assignee\": \"admin\",\n    \"priority\": \"1\",\n    \"reporter\": \"admin\"\n  }\n}","contentAvailable":true,"statusCode":2}}},"QUERY_RECORD_BY_ID":{"templateId":156,"operation":"QUERY_RECORD_BY_ID","httpVerb":"GET","restUrl":"/api/v4/projects/${project}/issues/${recordId}","specifications":{"Response":{"specId":303,"type":"Response","adapterType":null,"specType":"JOLT","status":"Active","specification":"[\n  {\n    \"operation\": \"shift\",\n    \"spec\": {\n      \"id\": null,\n      \"iid\": \"id\",\n      \"author\": {\n        \"*\": \"fields.author_&\"\n      },\n      \"milestone\": {\n        \"*\": \"fields.milestone_&\"\n      },\n      \"assignees\": {\n        \"*\": {\n          \"username\": \"fields.assignees_usernames\"\n        }\n      },\n      \"assignee\": {\n        \"*\": \"fields.assignee_&\"\n      },\n      \"closed_by\": {\n        \"*\": \"fields.closed_by_&\"\n      },\n      \"time_stats\": {\n        \"*\": \"fields.time_stats_&\"\n      },\n      \"task_completion_status\": {\n        \"*\": \"fields.task_completion_status_&\"\n      },\n      \"references\": {\n        \"*\": \"fields.references_&\"\n      },\n      \"_links\": {\n        \"*\": \"fields._links_&\"\n      },\n      \"*\": \"fields.&\"\n    }\n  }, {\n    \"operation\": \"modify-overwrite-beta\",\n    \"spec\": {\n      \"id\": \"=toString\"\n    }\n}\n]\n","samplePayload":"{\n  \"id\": 1,\n  \"milestone\": {\n    \"due_date\": null,\n    \"project_id\": 4,\n    \"state\": \"closed\",\n    \"description\": \"Rerum est voluptatem provident consequuntur molestias similique ipsum dolor.\",\n    \"iid\": 3,\n    \"id\": 11,\n    \"title\": \"v3.0\",\n    \"created_at\": \"2016-01-04T15:31:39.788Z\",\n    \"updated_at\": \"2016-01-04T15:31:39.788Z\",\n    \"closed_at\": \"2016-01-05T15:31:46.176Z\"\n  },\n  \"author\": {\n    \"state\": \"active\",\n    \"web_url\": \"https://gitlab.example.com/root\",\n    \"avatar_url\": null,\n    \"username\": \"root\",\n    \"id\": 1,\n    \"name\": \"Administrator\"\n  },\n  \"description\": \"Omnis vero earum sunt corporis dolor et placeat.\",\n  \"state\": \"closed\",\n  \"iid\": 1,\n  \"assignees\": [\n    {\n      \"state\": \"active\",\n      \"id\": 1,\n      \"name\": \"Administrator\",\n      \"web_url\": \"https://gitlab.example.com/root\",\n      \"avatar_url\": null,\n      \"username\": \"root\"\n    },\n    {\n      \"avatar_url\": null,\n      \"web_url\": \"https://gitlab.example.com/lennie\",\n      \"state\": \"active\",\n      \"username\": \"lennie\",\n      \"id\": 9,\n      \"name\": \"Dr. Luella Kovacek\"\n    }\n  ],\n  \"assignee\": {\n    \"avatar_url\": null,\n    \"web_url\": \"https://gitlab.example.com/lennie\",\n    \"state\": \"active\",\n    \"username\": \"lennie\",\n    \"id\": 9,\n    \"name\": \"Dr. Luella Kovacek\"\n  },\n  \"type\": \"ISSUE\",\n  \"labels\": [],\n  \"upvotes\": 4,\n  \"downvotes\": 0,\n  \"merge_requests_count\": 0,\n  \"title\": \"Ut commodi ullam eos dolores perferendis nihil sunt.\",\n  \"updated_at\": \"2016-01-04T15:31:46.176Z\",\n  \"created_at\": \"2016-01-04T15:31:46.176Z\",\n  \"closed_at\": null,\n  \"closed_by\": null,\n  \"subscribed\": false,\n  \"user_notes_count\": 1,\n  \"due_date\": null,\n  \"imported\": false,\n  \"imported_from\": \"none\",\n  \"web_url\": \"http://example.com/my-group/my-project/issues/1\",\n  \"references\": {\n    \"short\": \"#1\",\n    \"relative\": \"#1\",\n    \"full\": \"my-group/my-project#1\"\n  },\n  \"time_stats\": {\n    \"time_estimate\": 0,\n    \"total_time_spent\": 0,\n    \"human_time_estimate\": null,\n    \"human_total_time_spent\": null\n  },\n  \"confidential\": false,\n  \"discussion_locked\": false,\n  \"issue_type\": \"issue\",\n  \"severity\": \"UNKNOWN\",\n  \"task_completion_status\": {\n    \"count\": 0,\n    \"completed_count\": 0\n  },\n  \"weight\": null,\n  \"has_tasks\": false,\n  \"_links\": {\n    \"self\": \"http://gitlab.example:3000/api/v4/projects/1/issues/1\",\n    \"notes\": \"http://gitlab.example:3000/api/v4/projects/1/issues/1/notes\",\n    \"award_emoji\": \"http://gitlab.example:3000/api/v4/projects/1/issues/1/award_emoji\",\n    \"project\": \"http://gitlab.example:3000/api/v4/projects/1\",\n    \"closed_as_duplicate_of\": \"http://gitlab.example.com/api/v4/projects/1/issues/75\"\n  },\n  \"moved_to_id\": null,\n  \"service_desk_reply_to\": \"service.desk@gitlab.com\"\n}","contentAvailable":true,"statusCode":2},"Request":{"specId":304,"type":"Request","adapterType":null,"specType":null,"status":"Active","specification":null,"samplePayload":null,"contentAvailable":false,"statusCode":2}}}},"default":false},{"schemeId":5,"schemeName":"Merge Requests","adapterType":"gitlab","group":null,"active":true,"adapterMetadataList":[{"metadataId":48,"metadataKey":"issuetype","metadataValue":"merge request"}],"requestHeaders":[],"restTemplates":{"QUERY_MODIFIED_RECORDS":{"templateId":169,"operation":"QUERY_MODIFIED_RECORDS","httpVerb":"GET","restUrl":"/api/v4/projects/${project}/merge_requests?updated_after=${last-modified-time}&${pollQuery}","specifications":{"Response":{"specId":325,"type":"Response","adapterType":null,"specType":"JOLT","status":"Active","specification":"[{\n    \"operation\": \"shift\",\n    \"spec\": {\n      \"*\": {\n        \"id\": null,\n        \"iid\": \"result.[&1].id\",\n        \"merged_by\": {\n          \"*\": \"result.[&2].fields.merged_by_&\"\n        },\n        \"merge_user\": {\n          \"*\": \"result.[&2].fields.merge_user_&\"\n        },\n        \"author\": {\n          \"*\": \"result.[&2].fields.author_&\"\n        },\n        \"assignee\": {\n          \"*\": \"result.[&2].fields.assignee_&\"\n        },\n        \"assignees\": {\n          \"*\": {\n            \"username\": \"result.[&3].fields.assignees_usernames\"\n          }\n        },\n        \"reviewers\": {\n          \"*\": {\n            \"username\": \"result.[&3].fields.reviewers_usernames\"\n          }\n        },\n        \"milestone\": {\n          \"*\": \"result.[&2].fields.milestone_&\"\n        },\n        \"references\": {\n          \"*\": \"result.[&2].fields.references_&\"\n        },\n        \"time_stats\": {\n          \"*\": \"result.[&2].fields.time_stats_&\"\n        },\n        \"task_completion_status\": {\n          \"*\": \"result.[&2].fields.task_completion_status_&\"\n        },\n        \"*\": \"result[&1].fields.&\"\n      }\n    }\n},\n  {\n    \"operation\": \"modify-overwrite-beta\",\n    \"spec\": {\n      \"result\": {\n        \"*\": {\n          \"id\": \"=toString\"\n        }\n      },\n      \"totalrecords\": \"=size(@(1,result))\"\n    }\n},\n\n  {\n    \"operation\": \"default\",\n    \"spec\": {\n      \"totalrecords\": 0,\n      \"result\": []\n    }\n }\n\n]\n","samplePayload":"[\n  {\n    \"id\": 1,\n    \"iid\": 1,\n    \"project_id\": 3,\n    \"title\": \"test1\",\n    \"description\": \"fixed login page css paddings\",\n    \"state\": \"merged\",\n    \"imported\": false,\n    \"imported_from\": \"none\",\n    \"merged_by\": {\n      \"id\": 87854,\n      \"name\": \"Douwe Maan\",\n      \"username\": \"DouweM\",\n      \"state\": \"active\",\n      \"locked\": false,\n      \"avatar_url\": \"https://gitlab.example.com/uploads/-/system/user/avatar/87854/avatar.png\",\n      \"web_url\": \"https://gitlab.com/DouweM\"\n    },\n    \"merge_user\": {\n      \"id\": 87854,\n      \"name\": \"Douwe Maan\",\n      \"username\": \"DouweM\",\n      \"state\": \"active\",\n      \"locked\": false,\n      \"avatar_url\": \"https://gitlab.example.com/uploads/-/system/user/avatar/87854/avatar.png\",\n      \"web_url\": \"https://gitlab.com/DouweM\"\n    },\n    \"merged_at\": \"2018-09-07T11:16:17.520Z\",\n    \"merge_after\": \"2018-09-07T11:16:00.000Z\",\n    \"prepared_at\": \"2018-09-04T11:16:17.520Z\",\n    \"closed_by\": null,\n    \"closed_at\": null,\n    \"created_at\": \"2017-04-29T08:46:00Z\",\n    \"updated_at\": \"2017-04-29T08:46:00Z\",\n    \"target_branch\": \"main\",\n    \"source_branch\": \"test1\",\n    \"upvotes\": 0,\n    \"downvotes\": 0,\n    \"author\": {\n      \"id\": 1,\n      \"name\": \"Administrator\",\n      \"username\": \"admin\",\n      \"state\": \"active\",\n      \"locked\": false,\n      \"avatar_url\": null,\n      \"web_url\": \"https://gitlab.example.com/admin\"\n    },\n    \"assignee\": {\n      \"id\": 1,\n      \"name\": \"Administrator\",\n      \"username\": \"admin\",\n      \"state\": \"active\",\n      \"locked\": false,\n      \"avatar_url\": null,\n      \"web_url\": \"https://gitlab.example.com/admin\"\n    },\n    \"assignees\": [\n      {\n        \"name\": \"Miss Monserrate Beier\",\n        \"username\": \"axel.block\",\n        \"id\": 12,\n        \"state\": \"active\",\n        \"locked\": false,\n        \"avatar_url\": \"http://www.gravatar.com/avatar/46f6f7dc858ada7be1853f7fb96e81da?s=80&d=identicon\",\n        \"web_url\": \"https://gitlab.example.com/axel.block\"\n      }\n    ],\n    \"reviewers\": [\n      {\n        \"id\": 2,\n        \"name\": \"Sam Bauch\",\n        \"username\": \"kenyatta_oconnell\",\n        \"state\": \"active\",\n        \"avatar_url\": \"https://www.gravatar.com/avatar/956c92487c6f6f7616b536927e22c9a0?s=80&d=identicon\",\n        \"web_url\": \"http://gitlab.example.com//kenyatta_oconnell\"\n      }\n    ],\n    \"source_project_id\": 2,\n    \"target_project_id\": 3,\n    \"labels\": [\n      \"Community contribution\",\n      \"Manage\"\n    ],\n    \"draft\": false,\n    \"work_in_progress\": false,\n    \"milestone\": {\n      \"id\": 5,\n      \"iid\": 1,\n      \"project_id\": 3,\n      \"title\": \"v2.0\",\n      \"description\": \"Assumenda aut placeat expedita exercitationem labore sunt enim earum.\",\n      \"state\": \"closed\",\n      \"created_at\": \"2015-02-02T19:49:26.013Z\",\n      \"updated_at\": \"2015-02-02T19:49:26.013Z\",\n      \"due_date\": \"2018-09-22\",\n      \"start_date\": \"2018-08-08\",\n      \"web_url\": \"https://gitlab.example.com/my-group/my-project/milestones/1\"\n    },\n    \"merge_when_pipeline_succeeds\": true,\n    \"merge_status\": \"can_be_merged\",\n    \"detailed_merge_status\": \"not_open\",\n    \"sha\": \"8888888888888888888888888888888888888888\",\n    \"merge_commit_sha\": null,\n    \"squash_commit_sha\": null,\n    \"user_notes_count\": 1,\n    \"discussion_locked\": null,\n    \"should_remove_source_branch\": true,\n    \"force_remove_source_branch\": false,\n    \"web_url\": \"http://gitlab.example.com/my-group/my-project/merge_requests/1\",\n    \"reference\": \"!1\",\n    \"references\": {\n      \"short\": \"!1\",\n      \"relative\": \"!1\",\n      \"full\": \"my-group/my-project!1\"\n    },\n    \"time_stats\": {\n      \"time_estimate\": 0,\n      \"total_time_spent\": 0,\n      \"human_time_estimate\": null,\n      \"human_total_time_spent\": null\n    },\n    \"squash\": false,\n    \"squash_on_merge\": false,\n    \"task_completion_status\": {\n      \"count\": 0,\n      \"completed_count\": 0\n    },\n    \"has_conflicts\": false,\n    \"blocking_discussions_resolved\": true,\n    \"approvals_before_merge\": 2\n  }\n]","contentAvailable":true,"statusCode":2},"Request":{"specId":326,"type":"Request","adapterType":null,"specType":null,"status":"Active","specification":null,"samplePayload":null,"contentAvailable":false,"statusCode":2}}},"CREATE_RECORD":{"templateId":170,"operation":"CREATE_RECORD","httpVerb":"PUT","restUrl":"na","specifications":{"Response":{"specId":327,"type":"Response","adapterType":null,"specType":"None","status":"Active","specification":"{}","samplePayload":"{\n  \"id\": \"TP-4\",\n  \"fields\": {\n    \"summary\": \"Test for API creation 2\",\n    \"description\": \"Test for API creation 2\",\n    \"priority\": \"1\",\n    \"modifiedTime\": \"01-04-2019 11:46:30.124\",\n    \"severity\": \"2\",\n    \"status\": \"Open\"\n  }","contentAvailable":true,"statusCode":2},"Request":{"specId":328,"type":"Request","adapterType":null,"specType":"None","status":"Active","specification":"{}","samplePayload":"{\n  \"fields\": {\n    \"summary\": \"Test for API creation 2\",\n    \"description\": \"Test for API creation 2\",\n    \"priority\": \"1\",\n    \"modifiedTime\": \"01-04-2019 11:46:30.124\",\n    \"severity\": \"2\",\n    \"status\": \"Open\"\n  }\n}","contentAvailable":true,"statusCode":2}}},"UPDATE_RECORD":{"templateId":171,"operation":"UPDATE_RECORD","httpVerb":"POST","restUrl":"na","specifications":{"Response":{"specId":329,"type":"Response","adapterType":null,"specType":"None","status":"Active","specification":"{}","samplePayload":"{\n  \"id\": \"TP-4\",\n  \"fields\": {\n    \"summary\": \"Test for API creation 2\",\n    \"description\": \"Test for API creation 2\",\n    \"priority\": \"1\",\n    \"modifiedTime\": \"01-04-2019 11:46:30.124\",\n    \"severity\": \"2\",\n    \"status\": \"Open\"\n  }\n}","contentAvailable":true,"statusCode":2},"Request":{"specId":330,"type":"Request","adapterType":null,"specType":"None","status":"Active","specification":"{}","samplePayload":"{\n  \"id\": \"TP-4\",\n  \"fields\": {\n    \"summary\": \"Test for API creation 2\",\n    \"description\": \"Test for API creation 2\",\n    \"assignee\": \"admin\",\n    \"priority\": \"1\",\n    \"reporter\": \"admin\"\n  }\n}","contentAvailable":true,"statusCode":2}}},"QUERY_RECORD_BY_ID":{"templateId":172,"operation":"QUERY_RECORD_BY_ID","httpVerb":"GET","restUrl":"/api/v4/projects/${project}/merge_requests/${recordId}","specifications":{"Response":{"specId":331,"type":"Response","adapterType":null,"specType":"JOLT","status":"Active","specification":"[\n  {\n    \"operation\": \"shift\",\n    \"spec\": {\n      \"id\": null,\n      \"iid\": \"id\",\n      \"references\": {\n        \"*\": \"fields.references_&\"\n      },\n      \"author\": {\n        \"*\": \"fields.author_&\"\n      },\n      \"time_stats\": {\n        \"*\": \"fields.time_stats_&\"\n      },\n      \"task_completion_status\": {\n        \"*\": \"fields.task_completion_status_&\"\n      },\n      \"pipeline\": {\n        \"*\": \"fields.pipeline_&\"\n      },\n      \"head_pipeline\": {\n        \"*\": \"fields.head_pipeline_&\",\n        \"user\": {\n          \"*\": \"fields.head_pipeline_user_&\"\n        },\n        \"detailed_status\": {\n          \"*\": \"fields.head_pipeline_detailed_status_&\"\n        }\n      },\n      \"diff_refs\": {\n        \"*\": \"fields.diff_refs_&\"\n      },\n      \"user\": {\n        \"*\": \"fields.user_&\"\n      },\n      \"*\": \"fields.&\"\n    }\n  }, {\n    \"operation\": \"modify-overwrite-beta\",\n    \"spec\": {\n      \"id\": \"=toString\"\n    }\n}\n]\n","samplePayload":"{\n  \"id\": 281561454,\n  \"iid\": 55,\n  \"project_id\": 35213480,\n  \"title\": \"Draft: Resolve \\\"JetBrains Demo\\\"\",\n  \"description\": \"Closes #55\",\n  \"state\": \"opened\",\n  \"created_at\": \"2024-02-12T15:40:17.723Z\",\n  \"updated_at\": \"2024-05-10T20:23:55.032Z\",\n  \"merged_by\": null,\n  \"merge_user\": null,\n  \"merged_at\": null,\n  \"closed_by\": null,\n  \"closed_at\": null,\n  \"target_branch\": \"main\",\n  \"source_branch\": \"55-jetbrains-demo\",\n  \"user_notes_count\": 1,\n  \"upvotes\": 0,\n  \"downvotes\": 0,\n  \"author\": {\n    \"id\": 3795116,\n    \"username\": \"xxxxx\",\n    \"name\": \"Pete\",\n    \"state\": \"active\",\n    \"locked\": false,\n    \"avatar_url\": \"https://secure.gravatar.com/avatar/xxxxx?s=80&d=identicon\",\n    \"web_url\": \"https://gitlab.com/xxxxx\"\n  },\n  \"assignees\": [],\n  \"assignee\": null,\n  \"reviewers\": [],\n  \"source_project_id\": 35213480,\n  \"target_project_id\": 35213480,\n  \"labels\": [],\n  \"draft\": true,\n  \"imported\": false,\n  \"imported_from\": \"none\",\n  \"work_in_progress\": true,\n  \"milestone\": null,\n  \"merge_when_pipeline_succeeds\": false,\n  \"merge_status\": \"checking\",\n  \"detailed_merge_status\": \"checking\",\n  \"sha\": \"95a5f1b85e0a346d9d95350a4969823b6c9d4b61\",\n  \"merge_commit_sha\": null,\n  \"squash_commit_sha\": null,\n  \"discussion_locked\": null,\n  \"should_remove_source_branch\": null,\n  \"force_remove_source_branch\": true,\n  \"prepared_at\": \"2024-02-12T15:40:20.150Z\",\n  \"reference\": \"!55\",\n  \"references\": {\n    \"short\": \"!55\",\n    \"relative\": \"!55\",\n    \"full\": \"sa_xxx/kubernetes/springhellodemo!55\"\n  },\n  \"web_url\": \"https://gitlab.com/sa_xxx/kubernetes/springhellodemo/-/merge_requests/55\",\n  \"time_stats\": {\n    \"time_estimate\": 0,\n    \"total_time_spent\": 0,\n    \"human_time_estimate\": null,\n    \"human_total_time_spent\": null\n  },\n  \"squash\": false,\n  \"squash_on_merge\": false,\n  \"task_completion_status\": {\n    \"count\": 0,\n    \"completed_count\": 0\n  },\n  \"has_conflicts\": false,\n  \"blocking_discussions_resolved\": true,\n  \"approvals_before_merge\": null,\n  \"subscribed\": true,\n  \"changes_count\": \"1\",\n  \"latest_build_started_at\": \"2024-02-12T15:41:46.189Z\",\n  \"latest_build_finished_at\": null,\n  \"first_deployed_to_production_at\": null,\n  \"pipeline\": {\n    \"id\": 1173652947,\n    \"iid\": 181,\n    \"project_id\": 35213480,\n    \"sha\": \"95a5f1b85e0a346d9d95350a4969823b6c9d4b61\",\n    \"ref\": \"55-jetbrains-demo\",\n    \"status\": \"failed\",\n    \"source\": \"push\",\n    \"created_at\": \"2024-02-12T15:41:44.753Z\",\n    \"updated_at\": \"2024-02-12T15:44:03.937Z\",\n    \"web_url\": \"https://gitlab.com/sa_xxx/kubernetes/springhellodemo/-/pipelines/1173652947\"\n  },\n  \"head_pipeline\": {\n    \"id\": 1173652947,\n    \"iid\": 181,\n    \"project_id\": 35213480,\n    \"sha\": \"95a5f1b85e0a346d9d95350a4969823b6c9d4b61\",\n    \"ref\": \"55-jetbrains-demo\",\n    \"status\": \"failed\",\n    \"source\": \"push\",\n    \"created_at\": \"2024-02-12T15:41:44.753Z\",\n    \"updated_at\": \"2024-02-12T15:44:03.937Z\",\n    \"web_url\": \"https://gitlab.com/sa_xxx/kubernetes/springhellodemo/-/pipelines/1173652947\",\n    \"before_sha\": \"b53bf7576d5912297b0750ff073ffa4cd9afdd68\",\n    \"tag\": false,\n    \"yaml_errors\": null,\n    \"user\": {\n      \"id\": 3795116,\n      \"username\": \"pxxx\",\n      \"name\": \"Pete\",\n      \"state\": \"active\",\n      \"locked\": false,\n      \"avatar_url\": \"https://secure.gravatar.com/avatar/xxx?s=80&d=identicon\",\n      \"web_url\": \"https://gitlab.com/xxx\"\n    },\n    \"started_at\": \"2024-02-12T15:41:46.189Z\",\n    \"finished_at\": \"2024-02-12T15:44:03.927Z\",\n    \"committed_at\": null,\n    \"duration\": 137,\n    \"queued_duration\": 1,\n    \"coverage\": null,\n    \"detailed_status\": {\n      \"icon\": \"status_failed\",\n      \"text\": \"Failed\",\n      \"label\": \"failed\",\n      \"group\": \"failed\",\n      \"tooltip\": \"failed\",\n      \"has_details\": true,\n      \"details_path\": \"/sa_xxx/kubernetes/springhellodemo/-/pipelines/1173652947\",\n      \"illustration\": null,\n      \"favicon\": \"/assets/ci_favicons/favicon_status_failed-41304d7f7e3828808b0c26771f0309e55296819a9beea3ea9fbf6689d9857c12.png\"\n    }\n  },\n  \"diff_refs\": {\n    \"base_sha\": \"b53bf7576d5912297b0750ff073ffa4cd9afdd68\",\n    \"head_sha\": \"95a5f1b85e0a346d9d95350a4969823b6c9d4b61\",\n    \"start_sha\": \"b53bf7576d5912297b0750ff073ffa4cd9afdd68\"\n  },\n  \"merge_error\": null,\n  \"first_contribution\": true,\n  \"user\": {\n    \"can_merge\": true\n  }\n}","contentAvailable":true,"statusCode":2},"Request":{"specId":332,"type":"Request","adapterType":null,"specType":null,"status":"Active","specification":null,"samplePayload":null,"contentAvailable":false,"statusCode":2}}}},"default":false},{"schemeId":2,"schemeName":"Commits","adapterType":"gitlab","group":null,"active":true,"adapterMetadataList":[{"metadataId":50,"metadataKey":"issuetype","metadataValue":"commit"}],"requestHeaders":[],"restTemplates":{"QUERY_MODIFIED_RECORDS":{"templateId":177,"operation":"QUERY_MODIFIED_RECORDS","httpVerb":"GET","restUrl":"/api/v4/projects/${project}/repository/commits?since=${last-modified-time}&${pollQuery}","specifications":{"Response":{"specId":341,"type":"Response","adapterType":null,"specType":"JOLT","status":"Active","specification":"[\n  {\n    \"operation\": \"shift\",\n    \"spec\": {\n      \"*\": {\n        \"id\": \"result.[&1].id\",\n        \"trailers\": {\n          \"*\": \"result.[&2].fields.trailers_&\"\n        },\n        \"extended_trailers\": {\n          \"*\": \"result.[&2].fields.extended_trailers_&\"\n        },\n        \"*\": \"result.[&1].fields.&\"\n      }\n    }\n    },\n  {\n    \"operation\": \"modify-overwrite-beta\",\n    \"spec\": {\n      \"total_records\": \"=size(@(1,result))\"\n    }\n  },\n  {\n    \"operation\": \"default\",\n    \"spec\": {\n      \"total_records\": 0,\n      \"result\": []\n    }\n  }\n]","samplePayload":"[\n  {\n    \"id\": \"ed899a2f4b50b4370feeea94676502b42383c746\",\n    \"short_id\": \"ed899a2f4b5\",\n    \"title\": \"Replace sanitize with escape once\",\n    \"author_name\": \"Example User\",\n    \"author_email\": \"user@example.com\",\n    \"authored_date\": \"2021-09-20T11:50:22.001+00:00\",\n    \"committer_name\": \"Administrator\",\n    \"committer_email\": \"admin@example.com\",\n    \"committed_date\": \"2021-09-20T11:50:22.001+00:00\",\n    \"created_at\": \"2021-09-20T11:50:22.001+00:00\",\n    \"message\": \"Replace sanitize with escape once\",\n    \"parent_ids\": [\n      \"6104942438c14ec7bd21c6cd5bd995272b3faff6\"\n    ],\n    \"web_url\": \"https://gitlab.example.com/janedoe/gitlab-foss/-/commit/ed899a2f4b50b4370feeea94676502b42383c746\",\n    \"trailers\": {},\n    \"extended_trailers\": {}\n  },\n  {\n    \"id\": \"6104942438c14ec7bd21c6cd5bd995272b3faff6\",\n    \"short_id\": \"6104942438c\",\n    \"title\": \"Sanitize for network graph\",\n    \"author_name\": \"randx\",\n    \"author_email\": \"user@example.com\",\n    \"committer_name\": \"ExampleName\",\n    \"committer_email\": \"user@example.com\",\n    \"created_at\": \"2021-09-20T09:06:12.201+00:00\",\n    \"message\": \"Sanitize for network graph\\nCc: John Doe <johndoe@gitlab.com>\\nCc: Jane Doe <janedoe@gitlab.com>\",\n    \"parent_ids\": [\n      \"ae1d9fb46aa2b07ee9836d49862ec4e2c46fbbba\"\n    ],\n    \"web_url\": \"https://gitlab.example.com/janedoe/gitlab-foss/-/commit/ed899a2f4b50b4370feeea94676502b42383c746\",\n    \"trailers\": { \"Cc\": \"Jane Doe <janedoe@gitlab.com>\" },\n    \"extended_trailers\": { \"Cc\": [\"John Doe <johndoe@gitlab.com>\", \"Jane Doe <janedoe@gitlab.com>\"] }\n  }\n]","contentAvailable":true,"statusCode":2},"Request":{"specId":342,"type":"Request","adapterType":null,"specType":null,"status":"Active","specification":null,"samplePayload":null,"contentAvailable":false,"statusCode":2}}},"CREATE_RECORD":{"templateId":178,"operation":"CREATE_RECORD","httpVerb":"PUT","restUrl":"na","specifications":{"Response":{"specId":343,"type":"Response","adapterType":null,"specType":"None","status":"Active","specification":"{}","samplePayload":"{\n  \"id\": \"TP-4\",\n  \"fields\": {\n    \"summary\": \"Test for API creation 2\",\n    \"description\": \"Test for API creation 2\",\n    \"priority\": \"1\",\n    \"modifiedTime\": \"01-04-2019 11:46:30.124\",\n    \"severity\": \"2\",\n    \"status\": \"Open\"\n  }\n}","contentAvailable":true,"statusCode":2},"Request":{"specId":344,"type":"Request","adapterType":null,"specType":"None","status":"Active","specification":"{}","samplePayload":"{\n  \"fields\": {\n    \"summary\": \"Test for API creation 2\",\n    \"description\": \"Test for API creation 2\",\n    \"priority\": \"1\",\n    \"modifiedTime\": \"01-04-2019 11:46:30.124\",\n    \"severity\": \"2\",\n    \"status\": \"Open\"\n  }\n}","contentAvailable":true,"statusCode":2}}},"UPDATE_RECORD":{"templateId":179,"operation":"UPDATE_RECORD","httpVerb":"POST","restUrl":"na","specifications":{"Response":{"specId":345,"type":"Response","adapterType":null,"specType":"None","status":"Active","specification":"{}","samplePayload":"{\n  \"id\": \"TP-4\",\n  \"fields\": {\n    \"summary\": \"Test for API creation 2\",\n    \"description\": \"Test for API creation 2\",\n    \"priority\": \"1\",\n    \"modifiedTime\": \"01-04-2019 11:46:30.124\",\n    \"severity\": \"2\",\n    \"status\": \"Open\"\n  }\n}","contentAvailable":true,"statusCode":2},"Request":{"specId":346,"type":"Request","adapterType":null,"specType":"None","status":"Active","specification":"{}","samplePayload":"{\n  \"id\": \"TP-4\",\n  \"fields\": {\n    \"summary\": \"Test for API creation 2\",\n    \"description\": \"Test for API creation 2\",\n    \"assignee\": \"admin\",\n    \"priority\": \"1\",\n    \"reporter\": \"admin\"\n  }\n}","contentAvailable":true,"statusCode":2}}},"QUERY_RECORD_BY_ID":{"templateId":180,"operation":"QUERY_RECORD_BY_ID","httpVerb":"GET","restUrl":"/api/v4/projects/${project}/repository/commits/${recordId}","specifications":{"Response":{"specId":347,"type":"Response","adapterType":null,"specType":"JOLT","status":"Active","specification":"[\n  {\n    \"operation\": \"shift\",\n    \"spec\": {\n      \"id\": \"id\",\n      \"*\": \"fields.&\",\n      \"last_pipeline\": {\n        \"*\": \"fields.last_pipeline_&\"\n      },\n      \"stats\": {\n        \"*\": \"fields.stats_&\"\n      }\n    }\n  }\n]\n","samplePayload":"{\n  \"id\": \"b53bf7576d5912297b0750ff073ffa4cd9afdd68\",\n  \"short_id\": \"b53bf757\",\n  \"created_at\": \"2024-01-16T19:06:02.000+00:00\",\n  \"parent_ids\": [\n    \"c465117aa383dc79a1c624e5d0deb0fba16c9e5a\"\n  ],\n  \"title\": \"demo - adding new file with secret\",\n  \"message\": \"demo - adding new file with secret\",\n  \"author_name\": \"M Singer\",\n  \"author_email\": \"msinger@hello.com\",\n  \"authored_date\": \"2024-01-16T19:06:02.000+00:00\",\n  \"committer_name\": \"M Singer\",\n  \"committer_email\": \"msinger@hello.com\",\n  \"committed_date\": \"2024-01-16T19:06:02.000+00:00\",\n  \"trailers\": {},\n  \"extended_trailers\": {},\n  \"web_url\": \"https://gitlab.com/sa_group_pfd/kubernetes/springhellodemo/-/commit/b53bf7576d5912297b0750ff073ffa4cd9afdd68\",\n  \"stats\": {\n    \"additions\": 2,\n    \"deletions\": 0,\n    \"total\": 2\n  },\n  \"status\": \"failed\",\n  \"project_id\": 35213480,\n  \"last_pipeline\": {\n    \"id\": 1173648424,\n    \"iid\": 180,\n    \"project_id\": 35213480,\n    \"sha\": \"b53bf7576d5912297b0750ff073ffa4cd9afdd68\",\n    \"ref\": \"55-jetbrains-demo\",\n    \"status\": \"failed\",\n    \"source\": \"push\",\n    \"created_at\": \"2024-02-12T15:38:56.613Z\",\n    \"updated_at\": \"2024-02-12T15:44:37.351Z\",\n    \"web_url\": \"https://gitlab.com/sa_group_pfd/kubernetes/springhellodemo/-/pipelines/1173648424\"\n  }\n}\n","contentAvailable":true,"statusCode":2},"Request":{"specId":348,"type":"Request","adapterType":null,"specType":null,"status":"Active","specification":null,"samplePayload":null,"contentAvailable":false,"statusCode":2}}}},"default":false},{"schemeId":3,"schemeName":"Deployments","adapterType":"gitlab","group":null,"active":true,"adapterMetadataList":[{"metadataId":52,"metadataKey":"issuetype","metadataValue":"deployments"}],"requestHeaders":[],"restTemplates":{"QUERY_MODIFIED_RECORDS":{"templateId":185,"operation":"QUERY_MODIFIED_RECORDS","httpVerb":"GET","restUrl":"/api/v4/projects/${project}/deployments?updated_after=${last-modified-time}&order_by=updated_at&${pollQuery}","specifications":{"Response":{"specId":357,"type":"Response","adapterType":null,"specType":"JOLT","status":"Active","specification":"[\n  {\n    \"operation\": \"shift\",\n    \"spec\": {\n      \"*\": {\n        \"id\": \"result.[&1].id\",\n        \"*\": \"result.[&1].fields.&\",\n        \"deployable\": {\n          \"*\": \"result.[&2].fields.deployable_&\",\n          \"commit\": {\n            \"*\": \"result.[&3].fields.deployable_commit_&\"\n          },\n          \"user\": {\n            \"*\": \"result.[&3].fields.deployable_user_&\"\n          },\n          \"pipeline\": {\n            \"*\": \"result.[&3].fields.deployable_pipeline_&\"\n          },\n          \"project\": {\n            \"*\": \"result.[&3].fields.deployable_project_&\"\n          },\n          \"runner\": {\n            \"*\": \"result.[&3].fields.deployable_runner_&\"\n          }\n        },\n        \"user\": {\n          \"*\": \"result.[&2].fields.user_&\"\n        },\n        \"environment\": {\n          \"*\": \"result.[&2].fields.environment_&\"\n        }\n      }\n    }\n    },\n  {\n    \"operation\": \"modify-overwrite-beta\",\n    \"spec\": {\n      \"total_records\": \"=size(@(1,result))\"\n    }\n  },\n  {\n    \"operation\": \"shift\",\n    \"spec\": {\n      \"total_records\": \"total_records\",\n      \"result\": \"result\"\n    }\n  },\n  {\n    \"operation\": \"default\",\n    \"spec\": {\n      \"total_records\": 0,\n      \"result\": []\n    }\n  }\n]\n","samplePayload":"[\n  {\n    \"created_at\": \"2016-08-11T07:36:40.222Z\",\n    \"updated_at\": \"2016-08-11T07:38:12.414Z\",\n    \"status\": \"created\",\n    \"deployable\": {\n      \"commit\": {\n        \"author_email\": \"admin@example.com\",\n        \"author_name\": \"Administrator\",\n        \"created_at\": \"2016-08-11T09:36:01.000+02:00\",\n        \"id\": \"99d03678b90d914dbb1b109132516d71a4a03ea8\",\n        \"message\": \"Merge branch 'new-title' into 'main'\\r\\n\\r\\nUpdate README\\r\\n\\r\\n\\r\\n\\r\\nSee merge request !1\",\n        \"short_id\": \"99d03678\",\n        \"title\": \"Merge branch 'new-title' into 'main'\\r\"\n      },\n      \"coverage\": null,\n      \"created_at\": \"2016-08-11T07:36:27.357Z\",\n      \"finished_at\": \"2016-08-11T07:36:39.851Z\",\n      \"id\": 657,\n      \"name\": \"deploy\",\n      \"ref\": \"main\",\n      \"runner\": null,\n      \"stage\": \"deploy\",\n      \"started_at\": null,\n      \"status\": \"success\",\n      \"tag\": false,\n      \"project\": {\n        \"ci_job_token_scope_enabled\": false\n      },\n      \"user\": {\n        \"id\": 1,\n        \"name\": \"Administrator\",\n        \"username\": \"root\",\n        \"state\": \"active\",\n        \"avatar_url\": \"http://www.gravatar.com/avatar/e64c7d89f26bd1972efa854d13d7dd61?s=80&d=identicon\",\n        \"web_url\": \"http://gitlab.dev/root\",\n        \"created_at\": \"2015-12-21T13:14:24.077Z\",\n        \"bio\": null,\n        \"location\": null,\n        \"public_email\": \"\",\n        \"skype\": \"\",\n        \"linkedin\": \"\",\n        \"twitter\": \"\",\n        \"website_url\": \"\",\n        \"organization\": \"\"\n      },\n      \"pipeline\": {\n        \"created_at\": \"2016-08-11T02:12:10.222Z\",\n        \"id\": 36,\n        \"ref\": \"main\",\n        \"sha\": \"99d03678b90d914dbb1b109132516d71a4a03ea8\",\n        \"status\": \"success\",\n        \"updated_at\": \"2016-08-11T02:12:10.222Z\",\n        \"web_url\": \"http://gitlab.dev/root/project/pipelines/12\"\n      }\n    },\n    \"environment\": {\n      \"external_url\": \"https://about.gitlab.com\",\n      \"id\": 9,\n      \"name\": \"production\"\n    },\n    \"id\": 41,\n    \"iid\": 1,\n    \"ref\": \"main\",\n    \"sha\": \"99d03678b90d914dbb1b109132516d71a4a03ea8\",\n    \"user\": {\n      \"avatar_url\": \"http://www.gravatar.com/avatar/e64c7d89f26bd1972efa854d13d7dd61?s=80&d=identicon\",\n      \"id\": 1,\n      \"name\": \"Administrator\",\n      \"state\": \"active\",\n      \"username\": \"root\",\n      \"web_url\": \"http://localhost:3000/root\"\n    }\n  },\n  {\n    \"created_at\": \"2016-08-11T11:32:35.444Z\",\n    \"updated_at\": \"2016-08-11T11:34:01.123Z\",\n    \"status\": \"created\",\n    \"deployable\": {\n      \"commit\": {\n        \"author_email\": \"admin@example.com\",\n        \"author_name\": \"Administrator\",\n        \"created_at\": \"2016-08-11T13:28:26.000+02:00\",\n        \"id\": \"a91957a858320c0e17f3a0eca7cfacbff50ea29a\",\n        \"message\": \"Merge branch 'rename-readme' into 'main'\\r\\n\\r\\nRename README\\r\\n\\r\\n\\r\\n\\r\\nSee merge request !2\",\n        \"short_id\": \"a91957a8\",\n        \"title\": \"Merge branch 'rename-readme' into 'main'\\r\"\n      },\n      \"coverage\": null,\n      \"created_at\": \"2016-08-11T11:32:24.456Z\",\n      \"finished_at\": \"2016-08-11T11:32:35.145Z\",\n      \"id\": 664,\n      \"name\": \"deploy\",\n      \"ref\": \"main\",\n      \"runner\": null,\n      \"stage\": \"deploy\",\n      \"started_at\": null,\n      \"status\": \"success\",\n      \"tag\": false,\n      \"project\": {\n        \"ci_job_token_scope_enabled\": false\n      },\n      \"user\": {\n        \"id\": 1,\n        \"name\": \"Administrator\",\n        \"username\": \"root\",\n        \"state\": \"active\",\n        \"avatar_url\": \"http://www.gravatar.com/avatar/e64c7d89f26bd1972efa854d13d7dd61?s=80&d=identicon\",\n        \"web_url\": \"http://gitlab.dev/root\",\n        \"created_at\": \"2015-12-21T13:14:24.077Z\",\n        \"bio\": null,\n        \"location\": null,\n        \"public_email\": \"\",\n        \"skype\": \"\",\n        \"linkedin\": \"\",\n        \"twitter\": \"\",\n        \"website_url\": \"\",\n        \"organization\": \"\"\n      },\n      \"pipeline\": {\n        \"created_at\": \"2016-08-11T07:43:52.143Z\",\n        \"id\": 37,\n        \"ref\": \"main\",\n        \"sha\": \"a91957a858320c0e17f3a0eca7cfacbff50ea29a\",\n        \"status\": \"success\",\n        \"updated_at\": \"2016-08-11T07:43:52.143Z\",\n        \"web_url\": \"http://gitlab.dev/root/project/pipelines/13\"\n      }\n    },\n    \"environment\": {\n      \"external_url\": \"https://about.gitlab.com\",\n      \"id\": 9,\n      \"name\": \"production\"\n    },\n    \"id\": 42,\n    \"iid\": 2,\n    \"ref\": \"main\",\n    \"sha\": \"a91957a858320c0e17f3a0eca7cfacbff50ea29a\",\n    \"user\": {\n      \"avatar_url\": \"http://www.gravatar.com/avatar/e64c7d89f26bd1972efa854d13d7dd61?s=80&d=identicon\",\n      \"id\": 1,\n      \"name\": \"Administrator\",\n      \"state\": \"active\",\n      \"username\": \"root\",\n      \"web_url\": \"http://localhost:3000/root\"\n    }\n  }\n]","contentAvailable":true,"statusCode":2},"Request":{"specId":358,"type":"Request","adapterType":null,"specType":null,"status":"Active","specification":null,"samplePayload":null,"contentAvailable":false,"statusCode":2}}},"CREATE_RECORD":{"templateId":186,"operation":"CREATE_RECORD","httpVerb":"POST","restUrl":"na","specifications":{"Response":{"specId":359,"type":"Response","adapterType":null,"specType":"None","status":"Active","specification":"{}","samplePayload":"{\n  \"id\": \"TP-4\",\n  \"fields\": {\n    \"summary\": \"Test for API creation 2\",\n    \"description\": \"Test for API creation 2\",\n    \"priority\": \"1\",\n    \"modifiedTime\": \"01-04-2019 11:46:30.124\",\n    \"severity\": \"2\",\n    \"status\": \"Open\"\n  }\n}","contentAvailable":true,"statusCode":2},"Request":{"specId":360,"type":"Request","adapterType":null,"specType":"None","status":"Active","specification":"{}","samplePayload":"{\n  \"fields\": {\n    \"summary\": \"Test for API creation 2\",\n    \"description\": \"Test for API creation 2\",\n    \"priority\": \"1\",\n    \"modifiedTime\": \"01-04-2019 11:46:30.124\",\n    \"severity\": \"2\",\n    \"status\": \"Open\"\n  }\n}","contentAvailable":true,"statusCode":2}}},"UPDATE_RECORD":{"templateId":187,"operation":"UPDATE_RECORD","httpVerb":"PUT","restUrl":"na","specifications":{"Response":{"specId":361,"type":"Response","adapterType":null,"specType":"None","status":"Active","specification":"{}","samplePayload":"{\n  \"id\": \"TP-4\",\n  \"fields\": {\n    \"summary\": \"Test for API creation 2\",\n    \"description\": \"Test for API creation 2\",\n    \"priority\": \"1\",\n    \"modifiedTime\": \"01-04-2019 11:46:30.124\",\n    \"severity\": \"2\",\n    \"status\": \"Open\"\n  }\n}","contentAvailable":true,"statusCode":2},"Request":{"specId":362,"type":"Request","adapterType":null,"specType":"None","status":"Active","specification":"{}","samplePayload":"{\n  \"id\": \"TP-4\",\n  \"fields\": {\n    \"summary\": \"Test for API creation 2\",\n    \"description\": \"Test for API creation 2\",\n    \"assignee\": \"admin\",\n    \"priority\": \"1\",\n    \"reporter\": \"admin\"\n  }\n}","contentAvailable":true,"statusCode":2}}},"QUERY_RECORD_BY_ID":{"templateId":188,"operation":"QUERY_RECORD_BY_ID","httpVerb":"GET","restUrl":"/api/v4/projects/${project}/deployments/${recordId}","specifications":{"Response":{"specId":363,"type":"Response","adapterType":null,"specType":"JOLT","status":"Active","specification":"[\n  {\n    \"operation\": \"shift\",\n    \"spec\": {\n      \"id\": \"id\",\n      \"*\": \"fields.&\",\n      \"user\": {\n        \"*\": \"fields.user_&\"\n      },\n      \"environment\": {\n        \"*\": \"fields.environment_&\"\n      },\n      \"deployable\": {\n        \"*\": \"fields.deployable_&\",\n        \"user\": {\n          \"*\": \"fields.deployable_user_&\"\n        },\n        \"commit\": {\n          \"*\": \"fields.deployable_commit_&\"\n        },\n        \"pipeline\": {\n          \"*\": \"fields.deployable_pipeline_&\"\n        },\n        \"project\": {\n          \"*\": \"fields.deployable_project_&\"\n        },\n        \"runner\": {\n          \"*\": \"fields.deployable_runner_&\"\n        }\n      }\n    }\n  }\n]\n","samplePayload":"{\n  \"id\": 42,\n  \"iid\": 2,\n  \"ref\": \"main\",\n  \"sha\": \"a91957a858320c0e17f3a0eca7cfacbff50ea29a\",\n  \"created_at\": \"2016-08-11T11:32:35.444Z\",\n  \"updated_at\": \"2016-08-11T11:34:01.123Z\",\n  \"status\": \"success\",\n  \"user\": {\n    \"name\": \"Administrator\",\n    \"username\": \"root\",\n    \"id\": 1,\n    \"state\": \"active\",\n    \"avatar_url\": \"http://www.gravatar.com/avatar/e64c7d89f26bd1972efa854d13d7dd61?s=80&d=identicon\",\n    \"web_url\": \"http://localhost:3000/root\"\n  },\n  \"environment\": {\n    \"id\": 9,\n    \"name\": \"production\",\n    \"external_url\": \"https://about.gitlab.com\"\n  },\n  \"deployable\": {\n    \"id\": 664,\n    \"status\": \"success\",\n    \"stage\": \"deploy\",\n    \"name\": \"deploy\",\n    \"ref\": \"main\",\n    \"tag\": false,\n    \"coverage\": null,\n    \"created_at\": \"2016-08-11T11:32:24.456Z\",\n    \"started_at\": null,\n    \"finished_at\": \"2016-08-11T11:32:35.145Z\",\n    \"project\": {\n      \"ci_job_token_scope_enabled\": false\n    },\n    \"user\": {\n      \"id\": 1,\n      \"name\": \"Administrator\",\n      \"username\": \"root\",\n      \"state\": \"active\",\n      \"avatar_url\": \"http://www.gravatar.com/avatar/e64c7d89f26bd1972efa854d13d7dd61?s=80&d=identicon\",\n      \"web_url\": \"http://gitlab.dev/root\",\n      \"created_at\": \"2015-12-21T13:14:24.077Z\",\n      \"bio\": null,\n      \"location\": null,\n      \"skype\": \"\",\n      \"linkedin\": \"\",\n      \"twitter\": \"\",\n      \"website_url\": \"\",\n      \"organization\": \"\"\n    },\n    \"commit\": {\n      \"id\": \"a91957a858320c0e17f3a0eca7cfacbff50ea29a\",\n      \"short_id\": \"a91957a8\",\n      \"title\": \"Merge branch 'rename-readme' into 'main'\\r\",\n      \"author_name\": \"Administrator\",\n      \"author_email\": \"admin@example.com\",\n      \"created_at\": \"2016-08-11T13:28:26.000+02:00\",\n      \"message\": \"Merge branch 'rename-readme' into 'main'\\r\\n\\r\\nRename README\\r\\n\\r\\n\\r\\n\\r\\nSee merge request !2\"\n    },\n    \"pipeline\": {\n      \"created_at\": \"2016-08-11T07:43:52.143Z\",\n      \"id\": 42,\n      \"ref\": \"main\",\n      \"sha\": \"a91957a858320c0e17f3a0eca7cfacbff50ea29a\",\n      \"status\": \"success\",\n      \"updated_at\": \"2016-08-11T07:43:52.143Z\",\n      \"web_url\": \"http://gitlab.dev/root/project/pipelines/5\"\n    },\n    \"runner\": null\n  }\n}","contentAvailable":true,"statusCode":2},"Request":{"specId":364,"type":"Request","adapterType":null,"specType":null,"status":"Active","specification":null,"samplePayload":null,"contentAvailable":false,"statusCode":2}}}},"default":false}]