{"version":null,"displayName":"GitLab","type":"gitlab","logo":"gitlab.png","logoSmall":"gitlab.png","metadata":[{"name":"issuetype","dependent":false,"dependentMetadata":null,"values":[{"id":"issues","name":"Issues","attributeName":null,"referenceType":null,"dependents":null,"attributes":null,"regex":false}],"apiConfig":{"api":null,"idJsonPath":null,"valueJsonPath":null,"headers":null}},{"name":"project","dependent":false,"dependentMetadata":null,"values":[{"id":"57157246","name":"UA Test","attributeName":null,"referenceType":null,"dependents":null,"attributes":null,"regex":false}],"apiConfig":{"api":null,"idJsonPath":null,"valueJsonPath":null,"headers":null}}],"fields":[{"id":"updated_at","name":"Updated","datatype":"Datetime","values":null},{"id":"web_url","name":"URL","datatype":"String","values":null},{"id":"description","name":"Description","datatype":"PlainText","values":null},{"id":"created_at","name":"Created","datatype":"Datetime","values":null},{"id":"id","name":"IID","datatype":"Number","values":null},{"id":"state","name":"State","datatype":"String","values":[{"id":"opened","name":"Open","attributeName":null,"referenceType":null,"dependents":null,"attributes":null,"regex":false},{"id":"closed","name":"Closed","attributeName":null,"referenceType":null,"dependents":null,"attributes":null,"regex":false}]},{"id":"title","name":"title","datatype":"String","values":null}],"loginOptions":[],"idFieldName":"id","titleFieldName":"title","projectFieldName":"project","artifactFieldName":"issuetype","testStepsFieldName":null,"changedDateFieldName":"updated_at","dateFormat":"yyyy-MM-dd","dateTimeFormat":"yyyy-MM-dd'T'HH:mm:ss.SSS'Z'","queryDateFormat":"yyyy-MM-dd'T'HH:mm:ss.SSS'Z'","queryDateFormatType":"DATE_TIME_FORMAT","iso8601DateFormat":false,"commentFieldName":null,"commentFieldId":null,"attachmentFieldName":null,"attachmentFieldId":null,"apiVersion":null,"callBackUrlConfigured":false,"callBackUrls":null,"apiProvider":"ExternalApplication","applicationType":null,"urlDescription":"","userNameDescription":"","passwordDescription":"","paginationSupported":false,"paginationAttributes":null,"status":"Active","active":true,"commentSyncSupported":false,"attachmentSyncSupported":false,"syncModel":"ReadWrite","availableRestOperations":null,"multiProjectSupported":true,"projectLoginRequired":false,"conjunctionOperator":"","global":true,"tenantList":null}