[{"schemeId":23,"schemeName":"Commits","adapterType":"gitlab","group":null,"active":true,"adapterMetadataList":[{"metadataId":97,"metadataKey":"issuetype","metadataValue":"commit"}],"requestHeaders":[],"restTemplates":{"QUERY_MODIFIED_RECORDS":{"templateId":90,"operation":"QUERY_MODIFIED_RECORDS","httpVerb":"GET","restUrl":"/api/v4/projects/${project}/repository/commits?since=${last-modified-time}&${pollQuery}","specifications":{"Request":{"specId":179,"type":"Request","adapterType":null,"specType":null,"status":"Active","specification":null,"samplePayload":null,"contentAvailable":false,"statusCode":2},"Response":{"specId":180,"type":"Response","adapterType":null,"specType":"JOLT","status":"Active","specification":"[\n  {\n    \"operation\": \"shift\",\n    \"spec\": {\n      \"*\": {\n        \"id\": \"result.[&1].id\",\n        \"*\": \"result.[&1].fields.&\"\n      }\n    }\n    },\n  {\n    \"operation\": \"modify-overwrite-beta\",\n    \"spec\": {\n      \"total_records\": \"=size(@(1,result))\"\n    }\n  },\n  {\n    \"operation\": \"shift\",\n    \"spec\": {\n      \"total_records\": \"total_records\",\n      \"result\": \"result\"\n    }\n  },\n {\n    \"operation\": \"default\",\n    \"spec\": {\n      \"total_records\": 0,\n      \"result\": []\n    }\n  }\n]\n","samplePayload":"[\n  {\n    \"id\": \"b53bf7576d5912297b0750ff073ffa4cd9afdd68\",\n    \"short_id\": \"b53bf757\",\n    \"created_at\": \"2024-01-16T19:06:02.000+00:00\",\n    \"parent_ids\": [\n      \"c465117aa383dc79a1c624e5d0deb0fba16c9e5a\"\n    ],\n    \"title\": \"demo - adding new file with secret\",\n    \"message\": \"demo - adding new file with secret\",\n    \"author_name\": \"M Singer\",\n    \"author_email\": \"msinger@hello.com\",\n    \"authored_date\": \"2024-01-16T19:06:02.000+00:00\",\n    \"committer_name\": \"M Singer\",\n    \"committer_email\": \"msinger@hello.com\",\n    \"committed_date\": \"2024-01-16T19:06:02.000+00:00\",\n    \"trailers\": {},\n    \"extended_trailers\": {},\n    \"web_url\": \"https://gitlab.com/sa_group_pfd/kubernetes/springhellodemo/-/commit/b53bf7576d5912297b0750ff073ffa4cd9afdd68\"\n  },\n  {\n    \"id\": \"c465117aa383dc79a1c624e5d0deb0fba16c9e5a\",\n    \"short_id\": \"c465117a\",\n    \"created_at\": \"2023-12-07T20:39:36.000+00:00\",\n    \"parent_ids\": [\n      \"83db1e60b9cf5ed7776df0d72b7dfc9525cb1e4e\"\n    ],\n    \"title\": \"Update file run.py\",\n    \"message\": \"Update file run.py\",\n    \"author_name\": \"M Singer\",\n    \"author_email\": \"msinger@hello.com\",\n    \"authored_date\": \"2023-12-07T20:39:36.000+00:00\",\n    \"committer_name\": \"M Singer\",\n    \"committer_email\": \"msinger@hello.com\",\n    \"committed_date\": \"2023-12-07T20:39:36.000+00:00\",\n    \"trailers\": {},\n    \"extended_trailers\": {},\n    \"web_url\": \"https://gitlab.com/sa_group_pfd/kubernetes/springhellodemo/-/commit/c465117aa383dc79a1c624e5d0deb0fba16c9e5a\"\n  },\n  {\n    \"id\": \"83db1e60b9cf5ed7776df0d72b7dfc9525cb1e4e\",\n    \"short_id\": \"83db1e60\",\n    \"created_at\": \"2023-12-07T20:26:40.000+00:00\",\n    \"parent_ids\": [\n      \"f5db7eee02d68118a2287edd2820cf7943a81048\"\n    ],\n    \"title\": \"Update file run.py\",\n    \"message\": \"Update file run.py\",\n    \"author_name\": \"M Singer\",\n    \"author_email\": \"msinger@hello.com\",\n    \"authored_date\": \"2023-12-07T20:26:40.000+00:00\",\n    \"committer_name\": \"M Singer\",\n    \"committer_email\": \"msinger@hello.com\",\n    \"committed_date\": \"2023-12-07T20:26:40.000+00:00\",\n    \"trailers\": {},\n    \"extended_trailers\": {},\n    \"web_url\": \"https://gitlab.com/sa_group_pfd/kubernetes/springhellodemo/-/commit/83db1e60b9cf5ed7776df0d72b7dfc9525cb1e4e\"\n  }\n]\n","contentAvailable":true,"statusCode":2}}},"QUERY_RECORD_BY_ID":{"templateId":89,"operation":"QUERY_RECORD_BY_ID","httpVerb":"GET","restUrl":"/api/v4/projects/${project}/repository/commits/${recordId}","specifications":{"Request":{"specId":177,"type":"Request","adapterType":null,"specType":null,"status":"Active","specification":null,"samplePayload":null,"contentAvailable":false,"statusCode":2},"Response":{"specId":178,"type":"Response","adapterType":null,"specType":"JOLT","status":"Active","specification":"[\n  {\n    \"operation\": \"shift\",\n    \"spec\": {\n      \"id\": \"id\",\n      \"*\": \"fields.&\"\n    }\n    }\n]\n","samplePayload":"{\n  \"id\": \"b53bf7576d5912297b0750ff073ffa4cd9afdd68\",\n  \"short_id\": \"b53bf757\",\n  \"created_at\": \"2024-01-16T19:06:02.000+00:00\",\n  \"parent_ids\": [\n    \"c465117aa383dc79a1c624e5d0deb0fba16c9e5a\"\n  ],\n  \"title\": \"demo - adding new file with secret\",\n  \"message\": \"demo - adding new file with secret\",\n  \"author_name\": \"M Singer\",\n  \"author_email\": \"msinger@hello.com\",\n  \"authored_date\": \"2024-01-16T19:06:02.000+00:00\",\n  \"committer_name\": \"M Singer\",\n  \"committer_email\": \"msinger@hello.com\",\n  \"committed_date\": \"2024-01-16T19:06:02.000+00:00\",\n  \"trailers\": {},\n  \"extended_trailers\": {},\n  \"web_url\": \"https://gitlab.com/sa_group_pfd/kubernetes/springhellodemo/-/commit/b53bf7576d5912297b0750ff073ffa4cd9afdd68\",\n  \"stats\": {\n    \"additions\": 2,\n    \"deletions\": 0,\n    \"total\": 2\n  },\n  \"status\": \"failed\",\n  \"project_id\": 35213480,\n  \"last_pipeline\": {\n    \"id\": 1173648424,\n    \"iid\": 180,\n    \"project_id\": 35213480,\n    \"sha\": \"b53bf7576d5912297b0750ff073ffa4cd9afdd68\",\n    \"ref\": \"55-jetbrains-demo\",\n    \"status\": \"failed\",\n    \"source\": \"push\",\n    \"created_at\": \"2024-02-12T15:38:56.613Z\",\n    \"updated_at\": \"2024-02-12T15:44:37.351Z\",\n    \"web_url\": \"https://gitlab.com/sa_group_pfd/kubernetes/springhellodemo/-/pipelines/1173648424\"\n  }\n}\n","contentAvailable":true,"statusCode":2}}}},"default":false},{"schemeId":25,"schemeName":"Deployments","adapterType":"gitlab","group":null,"active":true,"adapterMetadataList":[{"metadataId":98,"metadataKey":"issuetype","metadataValue":"deployments"}],"requestHeaders":[],"restTemplates":{"QUERY_MODIFIED_RECORDS":{"templateId":92,"operation":"QUERY_MODIFIED_RECORDS","httpVerb":"GET","restUrl":"/api/v4/projects/${project}/deployments?updated_after=${last-modified-time}&order_by=updated_at&${pollQuery}","specifications":{"Request":{"specId":183,"type":"Request","adapterType":null,"specType":null,"status":"Active","specification":null,"samplePayload":null,"contentAvailable":false,"statusCode":2},"Response":{"specId":184,"type":"Response","adapterType":null,"specType":"JOLT","status":"Active","specification":"[\n  {\n    \"operation\": \"shift\",\n    \"spec\": {\n      \"*\": {\n        \"id\": \"result.[&1].id\",\n        \"*\": \"result.[&1].fields.&\",\n        \"deployable\": {\n          \"*\": \"result.[&2].fields.deployable_&\",\n          \"commit\": {\n            \"*\": \"result.[&3].fields.deployable_commit_&\"\n          },\n          \"user\": {\n            \"*\": \"result.[&3].fields.deployable_user_&\"\n          },\n          \"pipeline\": {\n            \"*\": \"result.[&3].fields.deployable_pipeline_&\"\n          },\n          \"project\": {\n            \"*\": \"result.[&3].fields.deployable_project_&\"\n          },\n          \"runner\": {\n            \"*\": \"result.[&3].fields.deployable_runner_&\"\n          }\n        },\n        \"user\": {\n          \"*\": \"result.[&2].fields.user_&\"\n        },\n        \"environment\": {\n          \"*\": \"result.[&2].fields.environment_&\"\n        }\n      }\n    }\n    },\n  {\n    \"operation\": \"modify-overwrite-beta\",\n    \"spec\": {\n      \"total_records\": \"=size(@(1,result))\"\n    }\n  },\n  {\n    \"operation\": \"shift\",\n    \"spec\": {\n      \"total_records\": \"total_records\",\n      \"result\": \"result\"\n    }\n  },\n  {\n    \"operation\": \"default\",\n    \"spec\": {\n      \"total_records\": 0,\n      \"result\": []\n    }\n  }\n]\n","samplePayload":"[\n    {\n        \"id\": 272720629,\n        \"iid\": 2,\n        \"ref\": \"main\",\n        \"sha\": \"efd75a4a900605b324860105232e91e86a61a521\",\n        \"created_at\": \"2022-04-08T18:24:14.216Z\",\n        \"updated_at\": \"2022-04-08T18:34:54.240Z\",\n        \"user\": {\n            \"id\": 3946232,\n            \"username\": \"pfdxx\",\n            \"name\": \"Petex\",\n            \"state\": \"blocked\",\n            \"locked\": false,\n            \"avatar_url\": \"https://gitlab.com/uploads/-/system/user/avatar/3946232/avatar.png\",\n            \"web_url\": \"https://gitlab.com/pfdxx\"\n        },\n        \"environment\": {\n            \"id\": 10050965,\n            \"name\": \"staging\",\n            \"slug\": \"staging\",\n            \"external_url\": \"http://sa-xx-kubernetes-springhellodemo-staging.demo.demo.com\",\n            \"created_at\": \"2022-04-08T18:24:12.919Z\",\n            \"updated_at\": \"2022-04-08T19:36:29.687Z\"\n        },\n        \"deployable\": {\n            \"id\": 2312505517,\n            \"status\": \"success\",\n            \"stage\": \"staging\",\n            \"name\": \"staging\",\n            \"ref\": \"main\",\n            \"tag\": false,\n            \"coverage\": null,\n            \"allow_failure\": false,\n            \"created_at\": \"2022-04-08T18:24:13.433Z\",\n            \"started_at\": \"2022-04-08T18:34:01.164Z\",\n            \"finished_at\": \"2022-04-08T18:34:54.187Z\",\n            \"erased_at\": null,\n            \"duration\": 53.022668,\n            \"queued_duration\": 0.310994,\n            \"user\": {\n                \"id\": 3946232,\n                \"username\": \"pfxxx\",\n                \"name\": \"Pete\",\n                \"state\": \"blocked\",\n                \"locked\": false,\n                \"avatar_url\": \"https://gitlab.com/uploads/-/system/user/avatar/3946232/avatar.png\",\n                \"web_url\": \"https://gitlab.com/xxxt\",\n                \"bio\": \"\",\n                \"location\": \"xx, PA\",\n                \"public_email\": \"\",\n                \"skype\": \"pfdxxx\",\n                \"linkedin\": \"www.linkedin.com/in/xxx\",\n                \"twitter\": \"\",\n                \"discord\": \"\",\n                \"website_url\": \"https://about.gitlab.com/\",\n                \"organization\": \"\",\n                \"job_title\": \"Sr Solutions Architect\",\n                \"pronouns\": \"\",\n                \"bot\": false,\n                \"work_information\": \"Sr Solutions Architect\",\n                \"local_time\": \"11:13 AM\"\n            },\n            \"commit\": {\n                \"id\": \"efd75a4a900605b324860105232e91e86a61a521\",\n                \"short_id\": \"efd75a4a\",\n                \"created_at\": \"2022-04-08T18:24:08.000+00:00\",\n                \"parent_ids\": [\n                    \"607716744ace4056d25bbd76f9c8b71b6dbabb87\"\n                ],\n                \"title\": \"Update .gitlab-ci.yml\",\n                \"message\": \"Update .gitlab-ci.yml\",\n                \"author_name\": \"Pete\",\n                \"author_email\": \"pdxx@zzz.com\",\n                \"authored_date\": \"2022-04-08T18:24:08.000+00:00\",\n                \"committer_name\": \"Pete\",\n                \"committer_email\": \"pdxx@zzz.com\",\n                \"committed_date\": \"2022-04-08T18:24:08.000+00:00\",\n                \"trailers\": {},\n                \"extended_trailers\": {},\n                \"web_url\": \"https://gitlab.com/sa_xxx/kubernetes/springhellodemo/-/commit/efd75a4a900605b324860105232e91e86a61a521\"\n            },\n            \"pipeline\": {\n                \"id\": 512692314,\n                \"iid\": 1,\n                \"project_id\": 35213480,\n                \"sha\": \"efd75a4a900605b324860105232e91e86a61a521\",\n                \"ref\": \"main\",\n                \"status\": \"manual\",\n                \"source\": \"push\",\n                \"created_at\": \"2022-04-08T18:24:13.183Z\",\n                \"updated_at\": \"2022-04-08T18:34:54.513Z\",\n                \"web_url\": \"https://gitlab.com/saxx/kubernetes/springhellodemo/-/pipelines/512692314\"\n            },\n            \"web_url\": \"https://gitlab.com/sa_xxx/kubernetes/springhellodemo/-/jobs/2312505517\",\n            \"project\": {\n                \"ci_job_token_scope_enabled\": false\n            },\n            \"artifacts\": [\n                {\n                    \"file_type\": \"trace\",\n                    \"size\": 5846,\n                    \"filename\": \"job.log\",\n                    \"file_format\": null\n                }\n            ],\n            \"runner\": {\n                \"id\": 12270857,\n                \"description\": \"4-green.saas-linux-small-amd64.runners-manager.gitlab.com/default\",\n                \"ip_address\": null,\n                \"active\": true,\n                \"paused\": false,\n                \"is_shared\": true,\n                \"runner_type\": \"instance_type\",\n                \"name\": \"gitlab-runner\",\n                \"online\": true,\n                \"status\": \"online\"\n            },\n            \"runner_manager\": null,\n            \"artifacts_expire_at\": null,\n            \"archived\": false,\n            \"tag_list\": []\n        },\n        \"status\": \"success\"\n    },\n    {\n        \"id\": 272720630,\n        \"iid\": 3,\n        \"ref\": \"main\",\n        \"sha\": \"efd75a4a900605b324860105232e91e86a61a521\",\n        \"created_at\": \"2022-04-08T18:24:14.364Z\",\n        \"updated_at\": \"2022-04-08T18:24:14.364Z\",\n        \"user\": {\n            \"id\": 3946232,\n            \"username\": \"pfxxx\",\n            \"name\": \"Petex\",\n            \"state\": \"blocked\",\n            \"locked\": false,\n            \"avatar_url\": \"https://gitlab.com/uploads/-/system/user/avatar/3946232/avatar.png\",\n            \"web_url\": \"https://gitlab.com/pfxxx\"\n        },\n        \"environment\": {\n            \"id\": 10050966,\n            \"name\": \"production\",\n            \"slug\": \"production\",\n            \"external_url\": \"http://sa-group-pfd-kubernetes-springhellodemo.demo.pfddemo.com\",\n            \"created_at\": \"2022-04-08T18:24:12.947Z\",\n            \"updated_at\": \"2022-04-08T20:00:45.977Z\"\n        },\n        \"deployable\": {\n            \"id\": 2312505518,\n            \"status\": \"manual\",\n            \"stage\": \"production\",\n            \"name\": \"rollout 10%\",\n            \"ref\": \"main\",\n            \"tag\": false,\n            \"coverage\": null,\n            \"allow_failure\": true,\n            \"created_at\": \"2022-04-08T18:24:13.451Z\",\n            \"started_at\": null,\n            \"finished_at\": null,\n            \"erased_at\": null,\n            \"duration\": null,\n            \"queued_duration\": null,\n            \"user\": {\n                \"id\": 3946232,\n                \"username\": \"pfx\",\n                \"name\": \"Petex\",\n                \"state\": \"blocked\",\n                \"locked\": false,\n                \"avatar_url\": \"https://gitlab.com/uploads/-/system/user/avatar/3946232/avatar.png\",\n                \"web_url\": \"https://gitlab.com/pfxxx\",\n                \"bio\": \"\",\n                \"location\": \"xxx, PA\",\n                \"public_email\": \"\",\n                \"skype\": \"pfdistefano\",\n                \"linkedin\": \"www.linkedin.com/in/pdxxx\",\n                \"twitter\": \"\",\n                \"discord\": \"\",\n                \"website_url\": \"https://about.gitlab.com/\",\n                \"organization\": \"\",\n                \"job_title\": \"Sr Solutions Architect\",\n                \"pronouns\": \"\",\n                \"bot\": false,\n                \"work_information\": \"Sr Solutions Architect\",\n                \"local_time\": \"11:13 AM\"\n            },\n            \"commit\": {\n                \"id\": \"efd75a4a900605b324860105232e91e86a61a521\",\n                \"short_id\": \"efd75a4a\",\n                \"created_at\": \"2022-04-08T18:24:08.000+00:00\",\n                \"parent_ids\": [\n                    \"607716744ace4056d25bbd76f9c8b71b6dbabb87\"\n                ],\n                \"title\": \"Update .gitlab-ci.yml\",\n                \"message\": \"Update .gitlab-ci.yml\",\n                \"author_name\": \"Petex\",\n                \"author_email\": \"pd@broadcom.com\",\n                \"authored_date\": \"2022-04-08T18:24:08.000+00:00\",\n                \"committer_name\": \"Pete\",\n                \"committer_email\": \"pd@broadcom.com\",\n                \"committed_date\": \"2022-04-08T18:24:08.000+00:00\",\n                \"trailers\": {},\n                \"extended_trailers\": {},\n                \"web_url\": \"https://gitlab.com/sa_xxx/kubernetes/springhellodemo/-/commit/efd75a4a900605b324860105232e91e86a61a521\"\n            },\n            \"pipeline\": {\n                \"id\": 512692314,\n                \"iid\": 1,\n                \"project_id\": 35213480,\n                \"sha\": \"efd75a4a900605b324860105232e91e86a61a521\",\n                \"ref\": \"main\",\n                \"status\": \"manual\",\n                \"source\": \"push\",\n                \"created_at\": \"2022-04-08T18:24:13.183Z\",\n                \"updated_at\": \"2022-04-08T18:34:54.513Z\",\n                \"web_url\": \"https://gitlab.com/sa_xxx/kubernetes/springhellodemo/-/pipelines/512692314\"\n            },\n            \"web_url\": \"https://gitlab.com/sa_xxx/kubernetes/springhellodemo/-/jobs/2312505518\",\n            \"project\": {\n                \"ci_job_token_scope_enabled\": false\n            },\n            \"artifacts\": [],\n            \"runner\": null,\n            \"runner_manager\": null,\n            \"artifacts_expire_at\": null,\n            \"archived\": false,\n            \"tag_list\": []\n        },\n        \"status\": \"created\"\n    },\n    {\n        \"id\": 272720631,\n        \"iid\": 4,\n        \"ref\": \"main\",\n        \"sha\": \"efd75a4a900605b324860105232e91e86a61a521\",\n        \"created_at\": \"2022-04-08T18:24:14.523Z\",\n        \"updated_at\": \"2022-04-08T18:24:14.523Z\",\n        \"user\": {\n            \"id\": 3946232,\n            \"username\": \"pfxxx\",\n            \"name\": \"Petex\",\n            \"state\": \"blocked\",\n            \"locked\": false,\n            \"avatar_url\": \"https://gitlab.com/uploads/-/system/user/avatar/3946232/avatar.png\",\n            \"web_url\": \"https://gitlab.com/pfdistef85_git\"\n        },\n        \"environment\": {\n            \"id\": 10050966,\n            \"name\": \"production\",\n            \"slug\": \"production\",\n            \"external_url\": \"http://sa-xxx-kubernetes-springhellodemo.demo.demo.com\",\n            \"created_at\": \"2022-04-08T18:24:12.947Z\",\n            \"updated_at\": \"2022-04-08T20:00:45.977Z\"\n        },\n        \"deployable\": {\n            \"id\": 2312505519,\n            \"status\": \"manual\",\n            \"stage\": \"production\",\n            \"name\": \"rollout 25%\",\n            \"ref\": \"main\",\n            \"tag\": false,\n            \"coverage\": null,\n            \"allow_failure\": true,\n            \"created_at\": \"2022-04-08T18:24:13.464Z\",\n            \"started_at\": null,\n            \"finished_at\": null,\n            \"erased_at\": null,\n            \"duration\": null,\n            \"queued_duration\": null,\n            \"user\": {\n                \"id\": 3946232,\n                \"username\": \"pfxxx\",\n                \"name\": \"Petex\",\n                \"state\": \"blocked\",\n                \"locked\": false,\n                \"avatar_url\": \"https://gitlab.com/uploads/-/system/user/avatar/3946232/avatar.png\",\n                \"web_url\": \"https://gitlab.com/pfdistef85_git\",\n                \"bio\": \"\",\n                \"location\": \"xxx, PA\",\n                \"public_email\": \"\",\n                \"skype\": \"pfdxxx\",\n                \"linkedin\": \"www.linkedin.com/in/pdixxx\",\n                \"twitter\": \"\",\n                \"discord\": \"\",\n                \"website_url\": \"https://about.gitlab.com/\",\n                \"organization\": \"\",\n                \"job_title\": \"Sr Solutions Architect\",\n                \"pronouns\": \"\",\n                \"bot\": false,\n                \"work_information\": \"Sr Solutions Architect\",\n                \"local_time\": \"11:13 AM\"\n            },\n            \"commit\": {\n                \"id\": \"efd75a4a900605b324860105232e91e86a61a521\",\n                \"short_id\": \"efd75a4a\",\n                \"created_at\": \"2022-04-08T18:24:08.000+00:00\",\n                \"parent_ids\": [\n                    \"607716744ace4056d25bbd76f9c8b71b6dbabb87\"\n                ],\n                \"title\": \"Update .gitlab-ci.yml\",\n                \"message\": \"Update .gitlab-ci.yml\",\n                \"author_name\": \"Petex\",\n                \"author_email\": \"pdxxx@gitlab.com\",\n                \"authored_date\": \"2022-04-08T18:24:08.000+00:00\",\n                \"committer_name\": \"Petexxx\",\n                \"committer_email\": \"pdx@gitlabxx.com\",\n                \"committed_date\": \"2022-04-08T18:24:08.000+00:00\",\n                \"trailers\": {},\n                \"extended_trailers\": {},\n                \"web_url\": \"https://gitlab.com/sa_xxx/kubernetes/springhellodemo/-/commit/efd75a4a900605b324860105232e91e86a61a521\"\n            },\n            \"pipeline\": {\n                \"id\": 512692314,\n                \"iid\": 1,\n                \"project_id\": 35213480,\n                \"sha\": \"efd75a4a900605b324860105232e91e86a61a521\",\n                \"ref\": \"main\",\n                \"status\": \"manual\",\n                \"source\": \"push\",\n                \"created_at\": \"2022-04-08T18:24:13.183Z\",\n                \"updated_at\": \"2022-04-08T18:34:54.513Z\",\n                \"web_url\": \"https://gitlab.com/sa_x/kubernexxtes/springhellodemo/-/pipelines/512692314\"\n            },\n            \"web_url\": \"https://gitlab.com/sa_xxx/kubernetes/springhellodemo/-/jobs/2312505519\",\n            \"project\": {\n                \"ci_job_token_scope_enabled\": false\n            },\n            \"artifacts\": [],\n            \"runner\": null,\n            \"runner_manager\": null,\n            \"artifacts_expire_at\": null,\n            \"archived\": false,\n            \"tag_list\": []\n        },\n        \"status\": \"created\"\n    }\n]\n","contentAvailable":true,"statusCode":2}}},"QUERY_RECORD_BY_ID":{"templateId":91,"operation":"QUERY_RECORD_BY_ID","httpVerb":"GET","restUrl":"/api/v4/projects/${project}/deployments/${recordId}","specifications":{"Request":{"specId":181,"type":"Request","adapterType":null,"specType":null,"status":"Active","specification":null,"samplePayload":null,"contentAvailable":false,"statusCode":2},"Response":{"specId":182,"type":"Response","adapterType":null,"specType":"JOLT","status":"Active","specification":"[\n  {\n    \"operation\": \"shift\",\n    \"spec\": {\n      \"id\": \"id\",\n      \"*\": \"fields.&\",\n      \"user\": {\n        \"*\": \"fields.user_&\"\n      },\n      \"environment\": {\n        \"*\": \"fields.environment_&\"\n      },\n      \"deployable\": {\n        \"*\": \"fields.deployable_&\",\n        \"user\": {\n          \"*\": \"fields.deployable_user_&\"\n        },\n        \"commit\": {\n          \"*\": \"fields.deployable_commit_&\"\n        },\n        \"pipeline\": {\n          \"*\": \"fields.deployable_pipeline_&\"\n        },\n        \"project\": {\n          \"*\": \"fields.deployable_project_&\"\n        },\n        \"runner\": {\n          \"*\": \"fields.deployable_runner_&\"\n        }\n      }\n    }\n  }\n]\n","samplePayload":"{\n    \"id\": 272720629,\n    \"iid\": 2,\n    \"ref\": \"main\",\n    \"sha\": \"efd75a4a900605b324860105232e91e86a61a521\",\n    \"created_at\": \"2022-04-08T18:24:14.216Z\",\n    \"updated_at\": \"2022-04-08T18:34:54.240Z\",\n    \"user\": {\n        \"id\": 3946232,\n        \"username\": \"pfxxx\",\n        \"name\": \"Petex\",\n        \"state\": \"blocked\",\n        \"locked\": false,\n        \"avatar_url\": \"https://gitlab.com/uploads/-/system/user/avatar/3946232/avatar.png\",\n        \"web_url\": \"https://gitlab.com/pfxxx\"\n    },\n    \"environment\": {\n        \"id\": 10050965,\n        \"name\": \"staging\",\n        \"slug\": \"staging\",\n        \"external_url\": \"http://sa-xxx-kubernetes-springhellodemo-staging.demo.xxx.com\",\n        \"created_at\": \"2022-04-08T18:24:12.919Z\",\n        \"updated_at\": \"2022-04-08T19:36:29.687Z\"\n    },\n    \"deployable\": {\n        \"id\": 2312505517,\n        \"status\": \"success\",\n        \"stage\": \"staging\",\n        \"name\": \"staging\",\n        \"ref\": \"main\",\n        \"tag\": false,\n        \"coverage\": null,\n        \"allow_failure\": false,\n        \"created_at\": \"2022-04-08T18:24:13.433Z\",\n        \"started_at\": \"2022-04-08T18:34:01.164Z\",\n        \"finished_at\": \"2022-04-08T18:34:54.187Z\",\n        \"erased_at\": null,\n        \"duration\": 53.022668,\n        \"queued_duration\": 0.310994,\n        \"user\": {\n            \"id\": 3946232,\n            \"username\": \"pfxxx\",\n            \"name\": \"Petexxx\",\n            \"state\": \"blocked\",\n            \"locked\": false,\n            \"avatar_url\": \"https://gitlab.com/uploads/-/system/user/avatar/3946232/avatar.png\",\n            \"web_url\": \"https://gitlab.com/pfxxx\",\n            \"bio\": \"\",\n            \"location\": \"xxx, PA\",\n            \"public_email\": \"\",\n            \"skype\": \"pfdxxx\",\n            \"linkedin\": \"www.linkedin.com/in/pxxxx\",\n            \"twitter\": \"\",\n            \"discord\": \"\",\n            \"website_url\": \"https://about.gitlab.com/\",\n            \"organization\": \"\",\n            \"job_title\": \"Sr Solutions Architect\",\n            \"pronouns\": \"\",\n            \"bot\": false,\n            \"work_information\": \"Sr Solutions Architect\",\n            \"local_time\": \"11:34 AM\"\n        },\n        \"commit\": {\n            \"id\": \"efd75a4a900605b324860105232e91e86a61a521\",\n            \"short_id\": \"efd75a4a\",\n            \"created_at\": \"2022-04-08T18:24:08.000+00:00\",\n            \"parent_ids\": [\n                \"607716744ace4056d25bbd76f9c8b71b6dbabb87\"\n            ],\n            \"title\": \"Update .gitlab-ci.yml\",\n            \"message\": \"Update .gitlab-ci.yml\",\n            \"author_name\": \"Peterx\",\n            \"author_email\": \"pdix@gitlab.com\",\n            \"authored_date\": \"2022-04-08T18:24:08.000+00:00\",\n            \"committer_name\": \"Petex\",\n            \"committer_email\": \"pdxxx@gitlab.com\",\n            \"committed_date\": \"2022-04-08T18:24:08.000+00:00\",\n            \"trailers\": {},\n            \"extended_trailers\": {},\n            \"web_url\": \"https://gitlab.com/sa_x/kubernetes/springhellodemo/-/commit/efd75a4a900605b324860105232e91e86a61a521\"\n        },\n        \"pipeline\": {\n            \"id\": 512692314,\n            \"iid\": 1,\n            \"project_id\": 35213480,\n            \"sha\": \"efd75a4a900605b324860105232e91e86a61a521\",\n            \"ref\": \"main\",\n            \"status\": \"manual\",\n            \"source\": \"push\",\n            \"created_at\": \"2022-04-08T18:24:13.183Z\",\n            \"updated_at\": \"2022-04-08T18:34:54.513Z\",\n            \"web_url\": \"https://gitlab.com/sa_xxx/kubernetes/springhellodemo/-/pipelines/512692314\"\n        },\n        \"web_url\": \"https://gitlab.com/sa_xxx/kubernetes/springhellodemo/-/jobs/2312505517\",\n        \"project\": {\n            \"ci_job_token_scope_enabled\": false\n        },\n        \"artifacts\": [\n            {\n                \"file_type\": \"trace\",\n                \"size\": 5846,\n                \"filename\": \"job.log\",\n                \"file_format\": null\n            }\n        ],\n        \"runner\": {\n            \"id\": 12270857,\n            \"description\": \"4-green.saas-linux-small-amd64.runners-manager.gitlab.com/default\",\n            \"ip_address\": null,\n            \"active\": true,\n            \"paused\": false,\n            \"is_shared\": true,\n            \"runner_type\": \"instance_type\",\n            \"name\": \"gitlab-runner\",\n            \"online\": false,\n            \"status\": \"stale\"\n        },\n        \"runner_manager\": null,\n        \"artifacts_expire_at\": null,\n        \"archived\": false,\n        \"tag_list\": []\n    },\n    \"status\": \"success\",\n    \"pending_approval_count\": 0,\n    \"approvals\": [],\n    \"approval_summary\": {\n        \"rules\": []\n    }\n}\n","contentAvailable":true,"statusCode":2}}}},"default":false},{"schemeId":22,"schemeName":"Issues","adapterType":"gitlab","group":null,"active":true,"adapterMetadataList":[{"metadataId":99,"metadataKey":"issuetype","metadataValue":"issues"}],"requestHeaders":[],"restTemplates":{"CREATE_RECORD":{"templateId":93,"operation":"CREATE_RECORD","httpVerb":"POST","restUrl":"/api/v4/projects/${project}/issues","specifications":{"Request":{"specId":185,"type":"Request","adapterType":null,"specType":"JOLT","status":"Active","specification":"[\n  {\n    \"operation\": \"shift\",\n    \"spec\": {\n      \"fields\": {\n        \"*\": \"&\"\n      }\n    }\n  }\n]","samplePayload":"{\n  \"fields\": {\n    \"summary\": \"Test for API creation 2\",\n    \"description\": \"Test for API creation 2\",\n    \"priority\": \"1\",\n    \"modifiedTime\": \"01-04-2019 11:46:30.124\",\n    \"severity\": \"2\",\n    \"status\": \"Open\"\n  }\n}","contentAvailable":true,"statusCode":2},"Response":{"specId":186,"type":"Response","adapterType":null,"specType":"JOLT","status":"Active","specification":"[\n  {\n    \"operation\": \"shift\",\n    \"spec\": {\n      \"id\": null,\n      \"iid\": \"id\",\n      \"*\": \"fields.&\"\n    }\n  }, {\n    \"operation\": \"modify-overwrite-beta\",\n    \"spec\": {\n      \"id\": \"=toString\"\n    }\n}\n]","samplePayload":"{\n    \"id\": 96895645,\n    \"iid\": 16,\n    \"project_id\": 31116393,\n    \"title\": \"Postman Test\",\n    \"description\": \"My first API test\",\n    \"state\": \"opened\",\n    \"created_at\": \"2021-11-08T03:05:20.963Z\",\n    \"updated_at\": \"2021-11-08T03:05:20.963Z\",\n    \"closed_at\": null,\n    \"closed_by\": null,\n    \"labels\": [],\n    \"milestone\": null,\n    \"assignees\": [],\n    \"author\": {\n        \"id\": 10160964,\n        \"name\": \"Johnathan McGowan\",\n        \"username\": \"jmcgowan\",\n        \"state\": \"active\",\n        \"avatar_url\": \"https://secure.gravatar.com/avatar/7b5cc55300d18035f54aa3fd14e423c1?s=80&d=identicon\",\n        \"web_url\": \"https://gitlab.com/jmcgowan\"\n    },\n    \"type\": \"ISSUE\",\n    \"assignee\": null,\n    \"user_notes_count\": 0,\n    \"merge_requests_count\": 0,\n    \"upvotes\": 0,\n    \"downvotes\": 0,\n    \"due_date\": null,\n    \"confidential\": false,\n    \"discussion_locked\": null,\n    \"issue_type\": \"issue\",\n    \"web_url\": \"https://gitlab.com/jm-connectall/learn-gitlab-ultimate-trial/-/issues/16\",\n    \"time_stats\": {\n        \"time_estimate\": 0,\n        \"total_time_spent\": 0,\n        \"human_time_estimate\": null,\n        \"human_total_time_spent\": null\n    },\n    \"task_completion_status\": {\n        \"count\": 0,\n        \"completed_count\": 0\n    },\n    \"weight\": null,\n    \"blocking_issues_count\": 0,\n    \"has_tasks\": false,\n    \"_links\": {\n        \"self\": \"https://gitlab.com/api/v4/projects/31116393/issues/16\",\n        \"notes\": \"https://gitlab.com/api/v4/projects/31116393/issues/16/notes\",\n        \"award_emoji\": \"https://gitlab.com/api/v4/projects/31116393/issues/16/award_emoji\",\n        \"project\": \"https://gitlab.com/api/v4/projects/31116393\"\n    },\n    \"references\": {\n        \"short\": \"#16\",\n        \"relative\": \"#16\",\n        \"full\": \"jm-connectall/learn-gitlab-ultimate-trial#16\"\n    },\n    \"subscribed\": true,\n    \"moved_to_id\": null,\n    \"service_desk_reply_to\": null,\n    \"epic_iid\": null,\n    \"epic\": null,\n    \"health_status\": null\n}","contentAvailable":true,"statusCode":2}}},"QUERY_MODIFIED_RECORDS":{"templateId":94,"operation":"QUERY_MODIFIED_RECORDS","httpVerb":"GET","restUrl":"/api/v4/projects/${project}/issues?updated_after=${last-modified-time}&${pollQuery}","specifications":{"Request":{"specId":187,"type":"Request","adapterType":null,"specType":null,"status":"Active","specification":null,"samplePayload":null,"contentAvailable":false,"statusCode":2},"Response":{"specId":188,"type":"Response","adapterType":null,"specType":"JOLT","status":"Active","specification":"[{\n    \"operation\": \"shift\",\n    \"spec\": {\n      \"*\": {\n        \"id\": null,\n        \"iid\": \"result.[&1].id\",\n        \"*\": \"result[&1].fields.&\"\n      }\n    }\n},\n  {\n    \"operation\": \"modify-overwrite-beta\",\n    \"spec\": {\n      \"result\": {\n        \"*\": {\n          \"id\": \"=toString\"\n        }\n      },\n      \"totalrecords\": \"=size(@(1,result))\"\n    }\n},\n\n  {\n    \"operation\": \"default\",\n    \"spec\": {\n      \"totalrecords\": 0,\n      \"result\": []\n    }\n }\n\n]\n","samplePayload":"[\n    {\n        \"id\": 96895645,\n        \"iid\": 16,\n        \"project_id\": 31116393,\n        \"title\": \"Gitlab test\",\n        \"description\": \"My test from Gitlab!\",\n        \"state\": \"opened\",\n        \"created_at\": \"2021-11-08T03:05:20.963Z\",\n        \"updated_at\": \"2021-11-08T03:26:03.518Z\",\n        \"closed_at\": null,\n        \"closed_by\": null,\n        \"labels\": [],\n        \"milestone\": null,\n        \"assignees\": [],\n        \"author\": {\n            \"id\": 10160964,\n            \"name\": \"Johnathan McGowan\",\n            \"username\": \"jmcgowan\",\n            \"state\": \"active\",\n            \"avatar_url\": \"https://secure.gravatar.com/avatar/7b5cc55300d18035f54aa3fd14e423c1?s=80&d=identicon\",\n            \"web_url\": \"https://gitlab.com/jmcgowan\"\n        },\n        \"type\": \"ISSUE\",\n        \"assignee\": null,\n        \"user_notes_count\": 0,\n        \"merge_requests_count\": 0,\n        \"upvotes\": 0,\n        \"downvotes\": 0,\n        \"due_date\": null,\n        \"confidential\": false,\n        \"discussion_locked\": null,\n        \"issue_type\": \"issue\",\n        \"web_url\": \"https://gitlab.com/jm-connectall/learn-gitlab-ultimate-trial/-/issues/16\",\n        \"time_stats\": {\n            \"time_estimate\": 0,\n            \"total_time_spent\": 0,\n            \"human_time_estimate\": null,\n            \"human_total_time_spent\": null\n        },\n        \"task_completion_status\": {\n            \"count\": 0,\n            \"completed_count\": 0\n        },\n        \"weight\": null,\n        \"blocking_issues_count\": 0,\n        \"has_tasks\": false,\n        \"_links\": {\n            \"self\": \"https://gitlab.com/api/v4/projects/31116393/issues/16\",\n            \"notes\": \"https://gitlab.com/api/v4/projects/31116393/issues/16/notes\",\n            \"award_emoji\": \"https://gitlab.com/api/v4/projects/31116393/issues/16/award_emoji\",\n            \"project\": \"https://gitlab.com/api/v4/projects/31116393\"\n        },\n        \"references\": {\n            \"short\": \"#16\",\n            \"relative\": \"#16\",\n            \"full\": \"jm-connectall/learn-gitlab-ultimate-trial#16\"\n        },\n        \"moved_to_id\": null,\n        \"service_desk_reply_to\": null,\n        \"epic_iid\": null,\n        \"epic\": null,\n        \"health_status\": null\n    },\n    {\n        \"id\": 96888036,\n        \"iid\": 1,\n        \"project_id\": 31116393,\n        \"title\": \"Set up your profile and set your status\",\n        \"description\": \"# Set up your profile\\n\\nSetting up your profile helps others in your team to get to know you better. Things like your name, avatar and your role also make it easier to recognize you when collaborating with others. \\n\\n* :book:[Read the documentation](https://docs.gitlab.com/ee/user/profile/#profile-settings)\\n\\n# Set your status\\n\\nYou can provide a custom status message for your user profile along with an emoji that describes it. This may be helpful when you are out of office or otherwise not available. Other users can then take your status into consideration when responding to your issues or assigning work to you.\\n\\n* :book:[Read the documentation](https://docs.gitlab.com/ee/user/profile/#current-status)\\n\\n## Next steps\\n\\n* [ ] Click on your avatar (in the top right of the main navigation bar), then click **Preferences**.\\n* [ ] Choose an emoji and write something to describe your status in the **Current status** section.\\n* [ ] Update your personal settings as you wish in the **Main settings** section and click on **Update profile settings** when done.\\n\\nAll done! :tada: Now others know who you are and what your status is.\",\n        \"state\": \"opened\",\n        \"created_at\": \"2021-11-07T19:41:25.343Z\",\n        \"updated_at\": \"2021-11-07T19:56:42.428Z\",\n        \"closed_at\": null,\n        \"closed_by\": null,\n        \"labels\": [\n            \"Novice\"\n        ],\n        \"milestone\": null,\n        \"assignees\": [\n            {\n                \"id\": 10160964,\n                \"name\": \"Johnathan McGowan\",\n                \"username\": \"jmcgowan\",\n                \"state\": \"active\",\n                \"avatar_url\": \"https://secure.gravatar.com/avatar/7b5cc55300d18035f54aa3fd14e423c1?s=80&d=identicon\",\n                \"web_url\": \"https://gitlab.com/jmcgowan\"\n            }\n        ],\n        \"author\": {\n            \"id\": 10160964,\n            \"name\": \"Johnathan McGowan\",\n            \"username\": \"jmcgowan\",\n            \"state\": \"active\",\n            \"avatar_url\": \"https://secure.gravatar.com/avatar/7b5cc55300d18035f54aa3fd14e423c1?s=80&d=identicon\",\n            \"web_url\": \"https://gitlab.com/jmcgowan\"\n        },\n        \"type\": \"ISSUE\",\n        \"assignee\": {\n            \"id\": 10160964,\n            \"name\": \"Johnathan McGowan\",\n            \"username\": \"jmcgowan\",\n            \"state\": \"active\",\n            \"avatar_url\": \"https://secure.gravatar.com/avatar/7b5cc55300d18035f54aa3fd14e423c1?s=80&d=identicon\",\n            \"web_url\": \"https://gitlab.com/jmcgowan\"\n        },\n        \"user_notes_count\": 1,\n        \"merge_requests_count\": 0,\n        \"upvotes\": 0,\n        \"downvotes\": 0,\n        \"due_date\": null,\n        \"confidential\": false,\n        \"discussion_locked\": null,\n        \"issue_type\": \"issue\",\n        \"web_url\": \"https://gitlab.com/jm-connectall/learn-gitlab-ultimate-trial/-/issues/1\",\n        \"time_stats\": {\n            \"time_estimate\": 0,\n            \"total_time_spent\": 0,\n            \"human_time_estimate\": null,\n            \"human_total_time_spent\": null\n        },\n        \"task_completion_status\": {\n            \"count\": 3,\n            \"completed_count\": 0\n        },\n        \"weight\": null,\n        \"blocking_issues_count\": 0,\n        \"has_tasks\": true,\n        \"task_status\": \"0 of 3 tasks completed\",\n        \"_links\": {\n            \"self\": \"https://gitlab.com/api/v4/projects/31116393/issues/1\",\n            \"notes\": \"https://gitlab.com/api/v4/projects/31116393/issues/1/notes\",\n            \"award_emoji\": \"https://gitlab.com/api/v4/projects/31116393/issues/1/award_emoji\",\n            \"project\": \"https://gitlab.com/api/v4/projects/31116393\"\n        },\n        \"references\": {\n            \"short\": \"#1\",\n            \"relative\": \"#1\",\n            \"full\": \"jm-connectall/learn-gitlab-ultimate-trial#1\"\n        },\n        \"moved_to_id\": null,\n        \"service_desk_reply_to\": null,\n        \"epic_iid\": null,\n        \"epic\": null,\n        \"health_status\": null\n    }\n]","contentAvailable":true,"statusCode":2}}},"QUERY_RECORD_BY_ID":{"templateId":95,"operation":"QUERY_RECORD_BY_ID","httpVerb":"GET","restUrl":"/api/v4/projects/${project}/issues/${recordId}","specifications":{"Request":{"specId":189,"type":"Request","adapterType":null,"specType":null,"status":"Active","specification":null,"samplePayload":null,"contentAvailable":false,"statusCode":2},"Response":{"specId":190,"type":"Response","adapterType":null,"specType":"JOLT","status":"Active","specification":"[\n  {\n    \"operation\": \"shift\",\n    \"spec\": {\n      \"id\": null,\n      \"iid\": \"id\",\n      \"*\": \"fields.&\"\n    }\n  }, {\n    \"operation\": \"modify-overwrite-beta\",\n    \"spec\": {\n      \"id\": \"=toString\"\n    }\n}\n]","samplePayload":"{\n    \"id\": 96895645,\n    \"iid\": 16,\n    \"project_id\": 31116393,\n    \"title\": \"Gitlab test\",\n    \"description\": \"My test from Gitlab.\",\n    \"state\": \"opened\",\n    \"created_at\": \"2021-11-08T03:05:20.963Z\",\n    \"updated_at\": \"2021-11-08T03:35:35.159Z\",\n    \"closed_at\": null,\n    \"closed_by\": null,\n    \"labels\": [],\n    \"milestone\": null,\n    \"assignees\": [],\n    \"author\": {\n        \"id\": 10160964,\n        \"name\": \"Johnathan McGowan\",\n        \"username\": \"jmcgowan\",\n        \"state\": \"active\",\n        \"avatar_url\": \"https://secure.gravatar.com/avatar/7b5cc55300d18035f54aa3fd14e423c1?s=80&d=identicon\",\n        \"web_url\": \"https://gitlab.com/jmcgowan\"\n    },\n    \"type\": \"ISSUE\",\n    \"assignee\": null,\n    \"user_notes_count\": 0,\n    \"merge_requests_count\": 0,\n    \"upvotes\": 0,\n    \"downvotes\": 0,\n    \"due_date\": null,\n    \"confidential\": false,\n    \"discussion_locked\": null,\n    \"issue_type\": \"issue\",\n    \"web_url\": \"https://gitlab.com/jm-connectall/learn-gitlab-ultimate-trial/-/issues/16\",\n    \"time_stats\": {\n        \"time_estimate\": 0,\n        \"total_time_spent\": 0,\n        \"human_time_estimate\": null,\n        \"human_total_time_spent\": null\n    },\n    \"task_completion_status\": {\n        \"count\": 0,\n        \"completed_count\": 0\n    },\n    \"weight\": null,\n    \"blocking_issues_count\": 0,\n    \"has_tasks\": false,\n    \"_links\": {\n        \"self\": \"https://gitlab.com/api/v4/projects/31116393/issues/16\",\n        \"notes\": \"https://gitlab.com/api/v4/projects/31116393/issues/16/notes\",\n        \"award_emoji\": \"https://gitlab.com/api/v4/projects/31116393/issues/16/award_emoji\",\n        \"project\": \"https://gitlab.com/api/v4/projects/31116393\"\n    },\n    \"references\": {\n        \"short\": \"#16\",\n        \"relative\": \"#16\",\n        \"full\": \"jm-connectall/learn-gitlab-ultimate-trial#16\"\n    },\n    \"subscribed\": true,\n    \"moved_to_id\": null,\n    \"service_desk_reply_to\": null,\n    \"epic_iid\": null,\n    \"epic\": null,\n    \"health_status\": null\n}","contentAvailable":true,"statusCode":2}}},"UPDATE_RECORD":{"templateId":96,"operation":"UPDATE_RECORD","httpVerb":"PUT","restUrl":"/api/v4/projects/${project}/issues/${recordId}","specifications":{"Request":{"specId":191,"type":"Request","adapterType":null,"specType":"JOLT","status":"Active","specification":"[\n  {\n    \"operation\": \"shift\",\n    \"spec\": {\n      \"fields\": {\n        \"*\": \"&\"\n      }\n    }\n  }\n]","samplePayload":"{\n    \"id\": 96895645,\n    \"iid\": 16,\n    \"project_id\": 31116393,\n    \"title\": \"Postman Test\",\n    \"description\": \"My second API test\",\n    \"state\": \"opened\",\n    \"created_at\": \"2021-11-08T03:05:20.963Z\",\n    \"updated_at\": \"2021-11-08T03:07:37.481Z\",\n    \"closed_at\": null,\n    \"closed_by\": null,\n    \"labels\": [],\n    \"milestone\": null,\n    \"assignees\": [],\n    \"author\": {\n        \"id\": 10160964,\n        \"name\": \"Johnathan McGowan\",\n        \"username\": \"jmcgowan\",\n        \"state\": \"active\",\n        \"avatar_url\": \"https://secure.gravatar.com/avatar/7b5cc55300d18035f54aa3fd14e423c1?s=80&d=identicon\",\n        \"web_url\": \"https://gitlab.com/jmcgowan\"\n    },\n    \"type\": \"ISSUE\",\n    \"assignee\": null,\n    \"user_notes_count\": 0,\n    \"merge_requests_count\": 0,\n    \"upvotes\": 0,\n    \"downvotes\": 0,\n    \"due_date\": null,\n    \"confidential\": false,\n    \"discussion_locked\": null,\n    \"issue_type\": \"issue\",\n    \"web_url\": \"https://gitlab.com/jm-connectall/learn-gitlab-ultimate-trial/-/issues/16\",\n    \"time_stats\": {\n        \"time_estimate\": 0,\n        \"total_time_spent\": 0,\n        \"human_time_estimate\": null,\n        \"human_total_time_spent\": null\n    },\n    \"task_completion_status\": {\n        \"count\": 0,\n        \"completed_count\": 0\n    },\n    \"weight\": null,\n    \"blocking_issues_count\": 0,\n    \"has_tasks\": false,\n    \"_links\": {\n        \"self\": \"https://gitlab.com/api/v4/projects/31116393/issues/16\",\n        \"notes\": \"https://gitlab.com/api/v4/projects/31116393/issues/16/notes\",\n        \"award_emoji\": \"https://gitlab.com/api/v4/projects/31116393/issues/16/award_emoji\",\n        \"project\": \"https://gitlab.com/api/v4/projects/31116393\"\n    },\n    \"references\": {\n        \"short\": \"#16\",\n        \"relative\": \"#16\",\n        \"full\": \"jm-connectall/learn-gitlab-ultimate-trial#16\"\n    },\n    \"subscribed\": true,\n    \"moved_to_id\": null,\n    \"service_desk_reply_to\": null,\n    \"epic_iid\": null,\n    \"epic\": null,\n    \"health_status\": null\n}","contentAvailable":true,"statusCode":2},"Response":{"specId":192,"type":"Response","adapterType":null,"specType":"JOLT","status":"Active","specification":"[\n  {\n    \"operation\": \"shift\",\n    \"spec\": {\n      \"id\": null,\n      \"iid\": \"id\",\n      \"*\": \"fields.&\"\n    }\n  }, {\n    \"operation\": \"modify-overwrite-beta\",\n    \"spec\": {\n      \"id\": \"=toString\"\n    }\n}\n]","samplePayload":"{\n    \"id\": 96895645,\n    \"iid\": 16,\n    \"project_id\": 31116393,\n    \"title\": \"Postman Test\",\n    \"description\": \"My second API test\",\n    \"state\": \"opened\",\n    \"created_at\": \"2021-11-08T03:05:20.963Z\",\n    \"updated_at\": \"2021-11-08T03:07:37.481Z\",\n    \"closed_at\": null,\n    \"closed_by\": null,\n    \"labels\": [],\n    \"milestone\": null,\n    \"assignees\": [],\n    \"author\": {\n        \"id\": 10160964,\n        \"name\": \"Johnathan McGowan\",\n        \"username\": \"jmcgowan\",\n        \"state\": \"active\",\n        \"avatar_url\": \"https://secure.gravatar.com/avatar/7b5cc55300d18035f54aa3fd14e423c1?s=80&d=identicon\",\n        \"web_url\": \"https://gitlab.com/jmcgowan\"\n    },\n    \"type\": \"ISSUE\",\n    \"assignee\": null,\n    \"user_notes_count\": 0,\n    \"merge_requests_count\": 0,\n    \"upvotes\": 0,\n    \"downvotes\": 0,\n    \"due_date\": null,\n    \"confidential\": false,\n    \"discussion_locked\": null,\n    \"issue_type\": \"issue\",\n    \"web_url\": \"https://gitlab.com/jm-connectall/learn-gitlab-ultimate-trial/-/issues/16\",\n    \"time_stats\": {\n        \"time_estimate\": 0,\n        \"total_time_spent\": 0,\n        \"human_time_estimate\": null,\n        \"human_total_time_spent\": null\n    },\n    \"task_completion_status\": {\n        \"count\": 0,\n        \"completed_count\": 0\n    },\n    \"weight\": null,\n    \"blocking_issues_count\": 0,\n    \"has_tasks\": false,\n    \"_links\": {\n        \"self\": \"https://gitlab.com/api/v4/projects/31116393/issues/16\",\n        \"notes\": \"https://gitlab.com/api/v4/projects/31116393/issues/16/notes\",\n        \"award_emoji\": \"https://gitlab.com/api/v4/projects/31116393/issues/16/award_emoji\",\n        \"project\": \"https://gitlab.com/api/v4/projects/31116393\"\n    },\n    \"references\": {\n        \"short\": \"#16\",\n        \"relative\": \"#16\",\n        \"full\": \"jm-connectall/learn-gitlab-ultimate-trial#16\"\n    },\n    \"subscribed\": true,\n    \"moved_to_id\": null,\n    \"service_desk_reply_to\": null,\n    \"epic_iid\": null,\n    \"epic\": null,\n    \"health_status\": null\n}","contentAvailable":true,"statusCode":2}}}},"default":false},{"schemeId":24,"schemeName":"Merge Requests","adapterType":"gitlab","group":null,"active":true,"adapterMetadataList":[{"metadataId":100,"metadataKey":"issuetype","metadataValue":"merge request"}],"requestHeaders":[],"restTemplates":{"QUERY_MODIFIED_RECORDS":{"templateId":98,"operation":"QUERY_MODIFIED_RECORDS","httpVerb":"GET","restUrl":"/api/v4/projects/${project}/merge_requests?updated_after=${last-modified-time}&${pollQuery}","specifications":{"Request":{"specId":195,"type":"Request","adapterType":null,"specType":null,"status":"Active","specification":null,"samplePayload":null,"contentAvailable":false,"statusCode":2},"Response":{"specId":196,"type":"Response","adapterType":null,"specType":"JOLT","status":"Active","specification":"[{\n    \"operation\": \"shift\",\n    \"spec\": {\n      \"*\": {\n        \"id\": null,\n        \"iid\": \"result.[&1].id\",\n        \"*\": \"result[&1].fields.&\"\n      }\n    }\n},\n  {\n    \"operation\": \"modify-overwrite-beta\",\n    \"spec\": {\n      \"result\": {\n        \"*\": {\n          \"id\": \"=toString\"\n        }\n      },\n      \"totalrecords\": \"=size(@(1,result))\"\n    }\n},\n\n  {\n    \"operation\": \"default\",\n    \"spec\": {\n      \"totalrecords\": 0,\n      \"result\": []\n    }\n }\n\n]\n","samplePayload":"[\n    {\n        \"id\": 281561454,\n        \"iid\": 55,\n        \"project_id\": 35213480,\n        \"title\": \"Draft: Resolve \\\"JetBrains Demo\\\"\",\n        \"description\": \"Closes #55\",\n        \"state\": \"opened\",\n        \"created_at\": \"2024-02-12T15:40:17.723Z\",\n        \"updated_at\": \"2024-05-10T20:23:55.032Z\",\n        \"merged_by\": null,\n        \"merge_user\": null,\n        \"merged_at\": null,\n        \"closed_by\": null,\n        \"closed_at\": null,\n        \"target_branch\": \"main\",\n        \"source_branch\": \"55-jetbrains-demo\",\n        \"user_notes_count\": 1,\n        \"upvotes\": 0,\n        \"downvotes\": 0,\n        \"author\": {\n            \"id\": 3795116,\n            \"username\": \"pxx\",\n            \"name\": \"Petexxx\",\n            \"state\": \"active\",\n            \"locked\": false,\n            \"avatar_url\": \"https://secure.gravatar.com/avatar/xxxad?s=80&d=identicon\",\n            \"web_url\": \"https://gitlab.com/pfdistefano\"\n        },\n        \"assignees\": [],\n        \"assignee\": null,\n        \"reviewers\": [],\n        \"source_project_id\": 35213480,\n        \"target_project_id\": 35213480,\n        \"labels\": [],\n        \"draft\": true,\n        \"imported\": false,\n        \"imported_from\": \"none\",\n        \"work_in_progress\": true,\n        \"milestone\": null,\n        \"merge_when_pipeline_succeeds\": false,\n        \"merge_status\": \"unchecked\",\n        \"detailed_merge_status\": \"unchecked\",\n        \"sha\": \"95a5f1b85e0a346d9d95350a4969823b6c9d4b61\",\n        \"merge_commit_sha\": null,\n        \"squash_commit_sha\": null,\n        \"discussion_locked\": null,\n        \"should_remove_source_branch\": null,\n        \"force_remove_source_branch\": true,\n        \"prepared_at\": \"2024-02-12T15:40:20.150Z\",\n        \"reference\": \"!55\",\n        \"references\": {\n            \"short\": \"!55\",\n            \"relative\": \"!55\",\n            \"full\": \"sa_xxx/kubernetes/springhellodemo!55\"\n        },\n        \"web_url\": \"https://gitlab.com/sa_xxx/kubernetes/springhellodemo/-/merge_requests/55\",\n        \"time_stats\": {\n            \"time_estimate\": 0,\n            \"total_time_spent\": 0,\n            \"human_time_estimate\": null,\n            \"human_total_time_spent\": null\n        },\n        \"squash\": false,\n        \"squash_on_merge\": false,\n        \"task_completion_status\": {\n            \"count\": 0,\n            \"completed_count\": 0\n        },\n        \"has_conflicts\": false,\n        \"blocking_discussions_resolved\": true,\n        \"approvals_before_merge\": null\n    },\n    {\n        \"id\": 281293372,\n        \"iid\": 54,\n        \"project_id\": 35213480,\n        \"title\": \"Draft: Resolve \\\"Check out the demo\\\"\",\n        \"description\": \"Closes #54\",\n        \"state\": \"opened\",\n        \"created_at\": \"2024-02-10T19:29:18.349Z\",\n        \"updated_at\": \"2024-08-21T14:53:19.148Z\",\n        \"merged_by\": null,\n        \"merge_user\": null,\n        \"merged_at\": null,\n        \"closed_by\": null,\n        \"closed_at\": null,\n        \"target_branch\": \"main\",\n        \"source_branch\": \"54-check-out-the-demo\",\n        \"user_notes_count\": 1,\n        \"upvotes\": 0,\n        \"downvotes\": 0,\n        \"author\": {\n            \"id\": 3795116,\n            \"username\": \"pxxx\",\n            \"name\": \"Pete\",\n            \"state\": \"active\",\n            \"locked\": false,\n            \"avatar_url\": \"https://secure.gravatar.com/avatar/xxxxad?s=80&d=identicon\",\n            \"web_url\": \"https://gitlab.com/pfdistefano\"\n        },\n        \"assignees\": [],\n        \"assignee\": null,\n        \"reviewers\": [],\n        \"source_project_id\": 35213480,\n        \"target_project_id\": 35213480,\n        \"labels\": [],\n        \"draft\": true,\n        \"imported\": false,\n        \"imported_from\": \"none\",\n        \"work_in_progress\": true,\n        \"milestone\": null,\n        \"merge_when_pipeline_succeeds\": false,\n        \"merge_status\": \"unchecked\",\n        \"detailed_merge_status\": \"unchecked\",\n        \"sha\": \"288d758ba002020e71ab39deade5fa34ca6b6d22\",\n        \"merge_commit_sha\": null,\n        \"squash_commit_sha\": null,\n        \"discussion_locked\": null,\n        \"should_remove_source_branch\": null,\n        \"force_remove_source_branch\": true,\n        \"prepared_at\": \"2024-02-10T19:29:19.421Z\",\n        \"reference\": \"!54\",\n        \"references\": {\n            \"short\": \"!54\",\n            \"relative\": \"!54\",\n            \"full\": \"sa_xxx/kubernetes/springhellodemo!54\"\n        },\n        \"web_url\": \"https://gitlab.com/sa_xxx/kubernetes/springhellodemo/-/merge_requests/54\",\n        \"time_stats\": {\n            \"time_estimate\": 0,\n            \"total_time_spent\": 0,\n            \"human_time_estimate\": null,\n            \"human_total_time_spent\": null\n        },\n        \"squash\": false,\n        \"squash_on_merge\": false,\n        \"task_completion_status\": {\n            \"count\": 0,\n            \"completed_count\": 0\n        },\n        \"has_conflicts\": false,\n        \"blocking_discussions_resolved\": true,\n        \"approvals_before_merge\": null\n    }\n]","contentAvailable":true,"statusCode":2}}},"QUERY_RECORD_BY_ID":{"templateId":97,"operation":"QUERY_RECORD_BY_ID","httpVerb":"GET","restUrl":"/api/v4/projects/${project}/merge_requests/${recordId}","specifications":{"Request":{"specId":193,"type":"Request","adapterType":null,"specType":null,"status":"Active","specification":null,"samplePayload":null,"contentAvailable":false,"statusCode":2},"Response":{"specId":194,"type":"Response","adapterType":null,"specType":"JOLT","status":"Active","specification":"[\n  {\n    \"operation\": \"shift\",\n    \"spec\": {\n      \"id\": null,\n      \"iid\": \"id\",\n      \"*\": \"fields.&\"\n    }\n  }, {\n    \"operation\": \"modify-overwrite-beta\",\n    \"spec\": {\n      \"id\": \"=toString\"\n    }\n}\n]","samplePayload":"{\n    \"id\": 281561454,\n    \"iid\": 55,\n    \"project_id\": 35213480,\n    \"title\": \"Draft: Resolve \\\"JetBrains Demo\\\"\",\n    \"description\": \"Closes #55\",\n    \"state\": \"opened\",\n    \"created_at\": \"2024-02-12T15:40:17.723Z\",\n    \"updated_at\": \"2024-05-10T20:23:55.032Z\",\n    \"merged_by\": null,\n    \"merge_user\": null,\n    \"merged_at\": null,\n    \"closed_by\": null,\n    \"closed_at\": null,\n    \"target_branch\": \"main\",\n    \"source_branch\": \"55-jetbrains-demo\",\n    \"user_notes_count\": 1,\n    \"upvotes\": 0,\n    \"downvotes\": 0,\n    \"author\": {\n        \"id\": 3795116,\n        \"username\": \"xxxxx\",\n        \"name\": \"Pete\",\n        \"state\": \"active\",\n        \"locked\": false,\n        \"avatar_url\": \"https://secure.gravatar.com/avatar/xxxxx?s=80&d=identicon\",\n        \"web_url\": \"https://gitlab.com/xxxxx\"\n    },\n    \"assignees\": [],\n    \"assignee\": null,\n    \"reviewers\": [],\n    \"source_project_id\": 35213480,\n    \"target_project_id\": 35213480,\n    \"labels\": [],\n    \"draft\": true,\n    \"imported\": false,\n    \"imported_from\": \"none\",\n    \"work_in_progress\": true,\n    \"milestone\": null,\n    \"merge_when_pipeline_succeeds\": false,\n    \"merge_status\": \"checking\",\n    \"detailed_merge_status\": \"checking\",\n    \"sha\": \"95a5f1b85e0a346d9d95350a4969823b6c9d4b61\",\n    \"merge_commit_sha\": null,\n    \"squash_commit_sha\": null,\n    \"discussion_locked\": null,\n    \"should_remove_source_branch\": null,\n    \"force_remove_source_branch\": true,\n    \"prepared_at\": \"2024-02-12T15:40:20.150Z\",\n    \"reference\": \"!55\",\n    \"references\": {\n        \"short\": \"!55\",\n        \"relative\": \"!55\",\n        \"full\": \"sa_xxx/kubernetes/springhellodemo!55\"\n    },\n    \"web_url\": \"https://gitlab.com/sa_xxx/kubernetes/springhellodemo/-/merge_requests/55\",\n    \"time_stats\": {\n        \"time_estimate\": 0,\n        \"total_time_spent\": 0,\n        \"human_time_estimate\": null,\n        \"human_total_time_spent\": null\n    },\n    \"squash\": false,\n    \"squash_on_merge\": false,\n    \"task_completion_status\": {\n        \"count\": 0,\n        \"completed_count\": 0\n    },\n    \"has_conflicts\": false,\n    \"blocking_discussions_resolved\": true,\n    \"approvals_before_merge\": null,\n    \"subscribed\": true,\n    \"changes_count\": \"1\",\n    \"latest_build_started_at\": \"2024-02-12T15:41:46.189Z\",\n    \"latest_build_finished_at\": null,\n    \"first_deployed_to_production_at\": null,\n    \"pipeline\": {\n        \"id\": 1173652947,\n        \"iid\": 181,\n        \"project_id\": 35213480,\n        \"sha\": \"95a5f1b85e0a346d9d95350a4969823b6c9d4b61\",\n        \"ref\": \"55-jetbrains-demo\",\n        \"status\": \"failed\",\n        \"source\": \"push\",\n        \"created_at\": \"2024-02-12T15:41:44.753Z\",\n        \"updated_at\": \"2024-02-12T15:44:03.937Z\",\n        \"web_url\": \"https://gitlab.com/sa_xxx/kubernetes/springhellodemo/-/pipelines/1173652947\"\n    },\n    \"head_pipeline\": {\n        \"id\": 1173652947,\n        \"iid\": 181,\n        \"project_id\": 35213480,\n        \"sha\": \"95a5f1b85e0a346d9d95350a4969823b6c9d4b61\",\n        \"ref\": \"55-jetbrains-demo\",\n        \"status\": \"failed\",\n        \"source\": \"push\",\n        \"created_at\": \"2024-02-12T15:41:44.753Z\",\n        \"updated_at\": \"2024-02-12T15:44:03.937Z\",\n        \"web_url\": \"https://gitlab.com/sa_xxx/kubernetes/springhellodemo/-/pipelines/1173652947\",\n        \"before_sha\": \"b53bf7576d5912297b0750ff073ffa4cd9afdd68\",\n        \"tag\": false,\n        \"yaml_errors\": null,\n        \"user\": {\n            \"id\": 3795116,\n            \"username\": \"pxxx\",\n            \"name\": \"Pete\",\n            \"state\": \"active\",\n            \"locked\": false,\n            \"avatar_url\": \"https://secure.gravatar.com/avatar/xxx?s=80&d=identicon\",\n            \"web_url\": \"https://gitlab.com/xxx\"\n        },\n        \"started_at\": \"2024-02-12T15:41:46.189Z\",\n        \"finished_at\": \"2024-02-12T15:44:03.927Z\",\n        \"committed_at\": null,\n        \"duration\": 137,\n        \"queued_duration\": 1,\n        \"coverage\": null,\n        \"detailed_status\": {\n            \"icon\": \"status_failed\",\n            \"text\": \"Failed\",\n            \"label\": \"failed\",\n            \"group\": \"failed\",\n            \"tooltip\": \"failed\",\n            \"has_details\": true,\n            \"details_path\": \"/sa_xxx/kubernetes/springhellodemo/-/pipelines/1173652947\",\n            \"illustration\": null,\n            \"favicon\": \"/assets/ci_favicons/favicon_status_failed-41304d7f7e3828808b0c26771f0309e55296819a9beea3ea9fbf6689d9857c12.png\"\n        }\n    },\n    \"diff_refs\": {\n        \"base_sha\": \"b53bf7576d5912297b0750ff073ffa4cd9afdd68\",\n        \"head_sha\": \"95a5f1b85e0a346d9d95350a4969823b6c9d4b61\",\n        \"start_sha\": \"b53bf7576d5912297b0750ff073ffa4cd9afdd68\"\n    },\n    \"merge_error\": null,\n    \"first_contribution\": true,\n    \"user\": {\n        \"can_merge\": true\n    }\n}\n","contentAvailable":true,"statusCode":2}}}},"default":false}]