{"iso8601DateFormat":true,"callBackUrlConfigured":false,"callBackUrls":null,"apiProvider":"ExternalApplication","applicationType":null,"urlDescription":"","userNameDescription":"","passwordDescription":"","paginationSupported":false,"paginationAttributes":null,"status":"Active","active":true,"syncModel":"ReadWrite","multiProjectSupported":true,"projectLoginRequired":false,"version":null,"displayName":"GitLab","type":"gitlab","logo":"gitlab.png","logoSmall":"gitlab.png","metadata":[{"name":"issuetype","dependent":false,"dependentMetadata":null,"values":[{"id":"issues","name":"Issues","attributeName":null,"referenceType":null,"dependents":null,"attributes":null,"fieldIdRef":null,"regex":false},{"id":"commit","name":"Commit","attributeName":null,"referenceType":null,"dependents":null,"attributes":null,"fieldIdRef":null,"regex":false},{"id":"merge request","name":"Merge Request","attributeName":null,"referenceType":null,"dependents":null,"attributes":null,"fieldIdRef":null,"regex":false},{"id":"deployments","name":"Deployments","attributeName":null,"referenceType":null,"dependents":null,"attributes":null,"fieldIdRef":null,"regex":false}],"apiConfig":{"api":null,"idJsonPath":null,"valueJsonPath":null,"headers":null}},{"name":"project","dependent":false,"dependentMetadata":null,"values":[],"apiConfig":{"api":"/api/v4/projects/?owned=true&simple=true","idJsonPath":"$[*].id","valueJsonPath":"$[*].name","headers":null}}],"fields":[{"id":"author_name","name":"Commit Author Name","datatype":"String","values":null},{"id":"authored_date","name":"Authored Date","datatype":"Datetime","values":null},{"id":"deployable_finished_at","name":"Deployment Finished Time","datatype":"Datetime","values":null},{"id":"description","name":"Issue Description","datatype":"PlainText","values":null},{"id":"created_at","name":"Create Date","datatype":"Datetime","values":null},{"id":"title","name":"Title","datatype":"String","values":null},{"id":"closed_by","name":"Issue Closed By","datatype":"String","values":null},{"id":"updated_at","name":"Updated","datatype":"Datetime","values":null},{"id":"environment-id","name":"Environment ID","datatype":"String","values":null},{"id":"author_email","name":"Author Email","datatype":"String","values":null},{"id":"id","name":"ID or IID","datatype":"String","values":null},{"id":"state","name":"State","datatype":"String","values":[{"id":"opened","name":"Open","attributeName":null,"referenceType":null,"dependents":null,"attributes":null,"fieldIdRef":null,"regex":false},{"id":"closed","name":"Closed","attributeName":null,"referenceType":null,"dependents":null,"attributes":null,"fieldIdRef":null,"regex":false}]},{"id":"confidential","name":"Issue Confidential","datatype":"Boolean","values":null},{"id":"severity","name":"Issue Severity","datatype":"String","values":null},{"id":"environment-name","name":"Environment Name","datatype":"String","values":null},{"id":"committer_email","name":"Committer Email","datatype":"String","values":null},{"id":"closed_at","name":"Issue Closed Date","datatype":"Datetime","values":null},{"id":"issue_type","name":"Issue Type","datatype":"String","values":null},{"id":"due_date","name":"Issue Due Date","datatype":"Datetime","values":null},{"id":"weight","name":"Issue Weight","datatype":"Number","values":null},{"id":"short_id","name":"SHA","datatype":"String","values":null},{"id":"message","name":"Commit Message","datatype":"String","values":null},{"id":"deployable_status","name":"Deployment Status","datatype":"String","values":null},{"id":"labels","name":"Issue Labels","datatype":"String","values":null},{"id":"committed_date","name":"Committed Date","datatype":"Datetime","values":null},{"id":"web_url","name":"Web URL","datatype":"String","values":null},{"id":"assignee","name":"Issue Assignee","datatype":"String","values":null}],"loginOptions":[],"idFieldName":"id","titleFieldName":"title","projectFieldName":"project","artifactFieldName":"issuetype","testStepsFieldName":null,"changedDateFieldName":"updated_at","dateFormat":"yyyy-MM-dd","dateTimeFormat":"yyyy-MM-dd'T'HH:mm:ss.SSS'Z'","queryDateFormat":"yyyy-MM-dd'T'HH:mm:ss.SSS'Z'","queryDateFormatType":"DATE_TIME_FORMAT","commentFieldName":null,"commentFieldId":null,"attachmentFieldName":null,"attachmentFieldId":null,"apiVersion":null,"commentSyncSupported":false,"attachmentSyncSupported":false,"availableRestOperations":null,"conjunctionOperator":"","global":true,"tenantList":null,"multivariateMappingSupported":false}